Visit_Id,Customer_Id,Plan_Id,Branch_Id,Payment_Id,Date,Visit_Time,Updated_At
1,1,1,1,1-1,2026-01-02,2026-01-02T20:10:22.000000,2026-01-02T20:10:22.000000
2,2,1,1,2-1,2026-01-02,2026-01-02T20:48:54.000000,2026-01-02T20:48:54.000000
3,3,1,1,3-1,2026-01-02,2026-01-02T06:47:20.000000,2026-01-02T06:47:20.000000
4,4,1,1,4-1,2026-01-02,2026-01-02T19:23:07.000000,2026-01-02T19:23:07.000000
5,5,1,1,5-1,2026-01-02,2026-01-02T07:50:41.000000,2026-01-02T07:50:41.000000
6,6,1,1,6-1,2026-01-02,2026-01-02T18:30:13.000000,2026-01-02T18:30:13.000000
7,7,1,1,7-1,2026-01-02,2026-01-02T17:55:41.000000,2026-01-02T17:55:41.000000
8,8,1,1,8-1,2026-01-02,2026-01-02T08:07:40.000000,2026-01-02T08:07:40.000000
9,9,1,1,9-1,2026-01-02,2026-01-02T06:58:45.000000,2026-01-02T06:58:45.000000
10,10,1,1,10-1,2026-01-02,2026-01-02T06:15:45.000000,2026-01-02T06:15:45.000000
11,11,1,1,11-1,2026-01-02,2026-01-02T20:17:28.000000,2026-01-02T20:17:28.000000
12,12,1,1,12-1,2026-01-02,2026-01-02T20:33:03.000000,2026-01-02T20:33:03.000000
13,4,1,1,4-2,2026-01-03,2026-01-03T14:23:42.000000,2026-01-03T14:23:42.000000
14,8,2,1,8-2,2026-01-03,2026-01-03T06:35:19.000000,2026-01-03T06:35:19.000000
15,10,1,1,10-2,2026-01-03,2026-01-03T08:22:27.000000,2026-01-03T08:22:27.000000
16,11,3,1,11-2,2026-01-03,2026-01-03T18:52:55.000000,2026-01-03T18:52:55.000000
17,13,1,1,13-1,2026-01-03,2026-01-03T20:24:01.000000,2026-01-03T20:24:01.000000
18,4,1,1,4-3,2026-01-05,2026-01-05T07:32:18.000000,2026-01-05T07:32:18.000000
19,8,2,1,8-2,2026-01-05,2026-01-05T06:27:40.000000,2026-01-05T06:27:40.000000
20,2,1,1,2-2,2026-01-06,2026-01-06T19:57:11.000000,2026-01-06T19:57:11.000000
21,4,1,1,4-4,2026-01-06,2026-01-06T18:09:03.000000,2026-01-06T18:09:03.000000
22,14,1,1,14-1,2026-01-06,2026-01-06T08:56:38.000000,2026-01-06T08:56:38.000000
23,3,3,1,3-2,2026-01-07,2026-01-07T06:57:02.000000,2026-01-07T06:57:02.000000
24,11,3,1,11-2,2026-01-07,2026-01-07T20:54:19.000000,2026-01-07T20:54:19.000000
25,3,3,1,3-2,2026-01-08,2026-01-08T07:19:21.000000,2026-01-08T07:19:21.000000
26,10,1,1,10-3,2026-01-08,2026-01-08T08:07:43.000000,2026-01-08T08:07:43.000000
27,3,3,1,3-2,2026-01-09,2026-01-09T07:37:44.000000,2026-01-09T07:37:44.000000
28,5,3,1,5-2,2026-01-09,2026-01-09T06:11:04.000000,2026-01-09T06:11:04.000000
29,15,1,1,15-1,2026-01-09,2026-01-09T12:52:37.000000,2026-01-09T12:52:37.000000
30,7,1,1,7-2,2026-01-10,2026-01-10T17:48:28.000000,2026-01-10T17:48:28.000000
31,9,3,1,9-2,2026-01-10,2026-01-10T07:19:16.000000,2026-01-10T07:19:16.000000
32,12,3,1,12-2,2026-01-10,2026-01-10T17:12:40.000000,2026-01-10T17:12:40.000000
33,16,1,1,16-1,2026-01-10,2026-01-10T09:00:57.000000,2026-01-10T09:00:57.000000
34,17,1,1,17-1,2026-01-10,2026-01-10T19:40:27.000000,2026-01-10T19:40:27.000000
35,18,1,1,18-1,2026-01-11,2026-01-11T18:15:01.000000,2026-01-11T18:15:01.000000
36,4,1,1,4-5,2026-01-12,2026-01-12T16:42:15.000000,2026-01-12T16:42:15.000000
37,14,2,1,14-2,2026-01-12,2026-01-12T13:13:33.000000,2026-01-12T13:13:33.000000
38,2,1,1,2-3,2026-01-13,2026-01-13T18:31:45.000000,2026-01-13T18:31:45.000000
39,3,3,1,3-2,2026-01-13,2026-01-13T06:32:30.000000,2026-01-13T06:32:30.000000
40,7,1,1,7-3,2026-01-13,2026-01-13T13:37:30.000000,2026-01-13T13:37:30.000000
41,9,3,1,9-2,2026-01-13,2026-01-13T06:49:03.000000,2026-01-13T06:49:03.000000
42,11,3,1,11-2,2026-01-13,2026-01-13T19:55:09.000000,2026-01-13T19:55:09.000000
43,12,3,1,12-2,2026-01-13,2026-01-13T19:35:36.000000,2026-01-13T19:35:36.000000
44,16,1,1,16-2,2026-01-13,2026-01-13T07:49:00.000000,2026-01-13T07:49:00.000000
45,17,4,1,17-2,2026-01-13,2026-01-13T20:07:52.000000,2026-01-13T20:07:52.000000
46,3,3,1,3-2,2026-01-14,2026-01-14T06:10:57.000000,2026-01-14T06:10:57.000000
47,14,2,1,14-2,2026-01-14,2026-01-14T13:23:33.000000,2026-01-14T13:23:33.000000
48,19,1,1,19-1,2026-01-14,2026-01-14T14:16:04.000000,2026-01-14T14:16:04.000000
49,7,1,1,7-4,2026-01-15,2026-01-15T17:35:30.000000,2026-01-15T17:35:30.000000
50,14,2,1,14-2,2026-01-15,2026-01-15T16:56:32.000000,2026-01-15T16:56:32.000000
51,19,1,1,19-2,2026-01-15,2026-01-15T06:47:21.000000,2026-01-15T06:47:21.000000
52,20,1,1,20-1,2026-01-15,2026-01-15T17:07:21.000000,2026-01-15T17:07:21.000000
53,10,1,1,10-4,2026-01-16,2026-01-16T06:45:29.000000,2026-01-16T06:45:29.000000
54,21,1,1,21-1,2026-01-16,2026-01-16T18:38:15.000000,2026-01-16T18:38:15.000000
55,22,1,1,22-1,2026-01-16,2026-01-16T12:53:01.000000,2026-01-16T12:53:01.000000
56,10,1,1,10-5,2026-01-17,2026-01-17T09:59:41.000000,2026-01-17T09:59:41.000000
57,16,1,1,16-3,2026-01-17,2026-01-17T06:39:40.000000,2026-01-17T06:39:40.000000
58,22,3,1,22-2,2026-01-17,2026-01-17T13:49:10.000000,2026-01-17T13:49:10.000000
59,23,1,1,23-1,2026-01-18,2026-01-18T20:35:12.000000,2026-01-18T20:35:12.000000
60,6,2,1,6-2,2026-01-19,2026-01-19T19:36:08.000000,2026-01-19T19:36:08.000000
61,22,3,1,22-2,2026-01-19,2026-01-19T11:19:06.000000,2026-01-19T11:19:06.000000
62,23,3,1,23-2,2026-01-19,2026-01-19T17:10:15.000000,2026-01-19T17:10:15.000000
63,2,1,1,2-4,2026-01-20,2026-01-20T20:51:45.000000,2026-01-20T20:51:45.000000
64,4,1,1,4-6,2026-01-20,2026-01-20T09:24:17.000000,2026-01-20T09:24:17.000000
65,7,1,1,7-5,2026-01-20,2026-01-20T19:46:06.000000,2026-01-20T19:46:06.000000
66,12,3,1,12-2,2026-01-20,2026-01-20T18:44:51.000000,2026-01-20T18:44:51.000000
67,17,4,1,17-2,2026-01-20,2026-01-20T20:16:10.000000,2026-01-20T20:16:10.000000
68,7,1,1,7-6,2026-01-21,2026-01-21T19:32:55.000000,2026-01-21T19:32:55.000000
69,3,3,1,3-2,2026-01-22,2026-01-22T06:46:33.000000,2026-01-22T06:46:33.000000
70,11,3,1,11-2,2026-01-22,2026-01-22T19:41:21.000000,2026-01-22T19:41:21.000000
71,14,2,1,14-2,2026-01-22,2026-01-22T20:51:15.000000,2026-01-22T20:51:15.000000
72,16,1,1,16-4,2026-01-22,2026-01-22T08:06:28.000000,2026-01-22T08:06:28.000000
73,18,4,1,18-2,2026-01-22,2026-01-22T19:11:11.000000,2026-01-22T19:11:11.000000
74,21,3,1,21-2,2026-01-22,2026-01-22T19:51:25.000000,2026-01-22T19:51:25.000000
75,1,2,1,1-2,2026-01-23,2026-01-23T20:01:08.000000,2026-01-23T20:01:08.000000
76,5,3,1,5-2,2026-01-23,2026-01-23T07:39:08.000000,2026-01-23T07:39:08.000000
77,10,1,1,10-6,2026-01-23,2026-01-23T09:03:43.000000,2026-01-23T09:03:43.000000
78,19,1,1,19-3,2026-01-23,2026-01-23T08:37:40.000000,2026-01-23T08:37:40.000000
79,20,2,1,20-2,2026-01-23,2026-01-23T17:55:49.000000,2026-01-23T17:55:49.000000
80,4,1,1,4-7,2026-01-24,2026-01-24T18:50:48.000000,2026-01-24T18:50:48.000000
81,6,2,1,6-2,2026-01-24,2026-01-24T18:53:44.000000,2026-01-24T18:53:44.000000
82,8,2,1,8-2,2026-01-24,2026-01-24T07:08:52.000000,2026-01-24T07:08:52.000000
83,14,2,1,14-2,2026-01-24,2026-01-24T19:14:42.000000,2026-01-24T19:14:42.000000
84,19,1,1,19-4,2026-01-24,2026-01-24T10:19:45.000000,2026-01-24T10:19:45.000000
85,20,2,1,20-2,2026-01-24,2026-01-24T19:37:37.000000,2026-01-24T19:37:37.000000
86,21,3,1,21-2,2026-01-24,2026-01-24T20:08:24.000000,2026-01-24T20:08:24.000000
87,11,3,1,11-2,2026-01-26,2026-01-26T19:33:38.000000,2026-01-26T19:33:38.000000
88,16,1,1,16-5,2026-01-26,2026-01-26T07:03:20.000000,2026-01-26T07:03:20.000000
89,17,4,1,17-2,2026-01-26,2026-01-26T19:55:31.000000,2026-01-26T19:55:31.000000
90,19,1,1,19-5,2026-01-26,2026-01-26T07:37:44.000000,2026-01-26T07:37:44.000000
91,15,3,1,15-2,2026-01-27,2026-01-27T13:18:27.000000,2026-01-27T13:18:27.000000
92,10,2,1,10-7,2026-01-28,2026-01-28T11:04:13.000000,2026-01-28T11:04:13.000000
93,17,4,1,17-2,2026-01-28,2026-01-28T20:38:11.000000,2026-01-28T20:38:11.000000
94,23,3,1,23-2,2026-01-28,2026-01-28T19:58:39.000000,2026-01-28T19:58:39.000000
95,24,1,1,24-1,2026-01-28,2026-01-28T17:09:21.000000,2026-01-28T17:09:21.000000
96,6,2,1,6-2,2026-01-29,2026-01-29T19:06:03.000000,2026-01-29T19:06:03.000000
97,15,3,1,15-2,2026-01-29,2026-01-29T14:44:41.000000,2026-01-29T14:44:41.000000
98,20,2,1,20-2,2026-01-29,2026-01-29T18:43:37.000000,2026-01-29T18:43:37.000000
99,21,3,1,21-2,2026-01-29,2026-01-29T18:11:28.000000,2026-01-29T18:11:28.000000
100,24,1,1,24-2,2026-01-29,2026-01-29T18:31:55.000000,2026-01-29T18:31:55.000000
101,1,2,1,1-2,2026-01-30,2026-01-30T18:51:36.000000,2026-01-30T18:51:36.000000
102,11,3,1,11-2,2026-01-30,2026-01-30T19:47:31.000000,2026-01-30T19:47:31.000000
103,12,3,1,12-2,2026-01-30,2026-01-30T20:41:40.000000,2026-01-30T20:41:40.000000
104,9,3,1,9-2,2026-01-31,2026-01-31T06:47:14.000000,2026-01-31T06:47:14.000000
105,15,3,1,15-2,2026-01-31,2026-01-31T15:21:43.000000,2026-01-31T15:21:43.000000
106,16,2,1,16-6,2026-01-31,2026-01-31T07:19:35.000000,2026-01-31T07:19:35.000000
107,17,4,1,17-2,2026-01-31,2026-01-31T19:56:09.000000,2026-01-31T19:56:09.000000
108,18,4,1,18-2,2026-01-31,2026-01-31T18:13:23.000000,2026-01-31T18:13:23.000000
109,2,1,1,2-5,2026-02-02,2026-02-02T19:24:53.000000,2026-02-02T19:24:53.000000
110,4,1,1,4-8,2026-02-02,2026-02-02T17:55:53.000000,2026-02-02T17:55:53.000000
111,5,3,1,5-2,2026-02-02,2026-02-02T06:49:01.000000,2026-02-02T06:49:01.000000
112,7,1,1,7-7,2026-02-02,2026-02-02T14:21:31.000000,2026-02-02T14:21:31.000000
113,11,4,1,11-3,2026-02-02,2026-02-02T17:53:34.000000,2026-02-02T17:53:34.000000
114,17,4,1,17-2,2026-02-02,2026-02-02T20:36:58.000000,2026-02-02T20:36:58.000000
115,20,2,1,20-2,2026-02-02,2026-02-02T18:01:55.000000,2026-02-02T18:01:55.000000
116,4,1,1,4-9,2026-02-03,2026-02-03T09:56:51.000000,2026-02-03T09:56:51.000000
117,5,3,1,5-2,2026-02-03,2026-02-03T07:28:53.000000,2026-02-03T07:28:53.000000
118,7,1,1,7-8,2026-02-03,2026-02-03T15:04:08.000000,2026-02-03T15:04:08.000000
119,8,3,1,8-3,2026-02-03,2026-02-03T07:26:49.000000,2026-02-03T07:26:49.000000
120,15,3,1,15-2,2026-02-03,2026-02-03T11:36:46.000000,2026-02-03T11:36:46.000000
121,21,3,1,21-2,2026-02-03,2026-02-03T20:09:02.000000,2026-02-03T20:09:02.000000
122,22,3,1,22-2,2026-02-03,2026-02-03T12:33:31.000000,2026-02-03T12:33:31.000000
123,23,3,1,23-2,2026-02-03,2026-02-03T19:10:44.000000,2026-02-03T19:10:44.000000
124,25,1,1,25-1,2026-02-03,2026-02-03T10:47:52.000000,2026-02-03T10:47:52.000000
125,2,1,1,2-6,2026-02-04,2026-02-04T15:31:29.000000,2026-02-04T15:31:29.000000
126,3,3,1,3-2,2026-02-04,2026-02-04T07:37:29.000000,2026-02-04T07:37:29.000000
127,6,2,1,6-2,2026-02-04,2026-02-04T16:24:15.000000,2026-02-04T16:24:15.000000
128,9,3,1,9-2,2026-02-04,2026-02-04T06:16:00.000000,2026-02-04T06:16:00.000000
129,6,2,1,6-2,2026-02-05,2026-02-05T17:51:19.000000,2026-02-05T17:51:19.000000
130,8,3,1,8-3,2026-02-05,2026-02-05T06:40:32.000000,2026-02-05T06:40:32.000000
131,9,3,1,9-2,2026-02-05,2026-02-05T06:32:53.000000,2026-02-05T06:32:53.000000
132,20,2,1,20-2,2026-02-05,2026-02-05T19:00:41.000000,2026-02-05T19:00:41.000000
133,22,3,1,22-2,2026-02-05,2026-02-05T13:23:19.000000,2026-02-05T13:23:19.000000
134,6,2,1,6-3,2026-02-06,2026-02-06T20:44:42.000000,2026-02-06T20:44:42.000000
135,8,3,1,8-3,2026-02-06,2026-02-06T07:28:21.000000,2026-02-06T07:28:21.000000
136,9,3,1,9-2,2026-02-06,2026-02-06T06:42:24.000000,2026-02-06T06:42:24.000000
137,7,1,1,7-9,2026-02-07,2026-02-07T07:43:40.000000,2026-02-07T07:43:40.000000
138,9,3,1,9-2,2026-02-07,2026-02-07T07:38:45.000000,2026-02-07T07:38:45.000000
139,14,2,1,14-3,2026-02-07,2026-02-07T06:28:43.000000,2026-02-07T06:28:43.000000
140,18,4,1,18-2,2026-02-07,2026-02-07T20:16:02.000000,2026-02-07T20:16:02.000000
141,21,3,1,21-2,2026-02-07,2026-02-07T18:40:26.000000,2026-02-07T18:40:26.000000
142,23,3,1,23-2,2026-02-07,2026-02-07T18:28:35.000000,2026-02-07T18:28:35.000000
143,25,2,1,25-2,2026-02-07,2026-02-07T08:05:54.000000,2026-02-07T08:05:54.000000
144,8,3,1,8-3,2026-02-09,2026-02-09T07:10:27.000000,2026-02-09T07:10:27.000000
145,9,3,1,9-3,2026-02-09,2026-02-09T07:17:12.000000,2026-02-09T07:17:12.000000
146,10,2,1,10-7,2026-02-09,2026-02-09T07:11:03.000000,2026-02-09T07:11:03.000000
147,11,4,1,11-3,2026-02-09,2026-02-09T18:33:23.000000,2026-02-09T18:33:23.000000
148,17,4,1,17-2,2026-02-09,2026-02-09T19:05:21.000000,2026-02-09T19:05:21.000000
149,26,1,1,26-1,2026-02-09,2026-02-09T06:36:39.000000,2026-02-09T06:36:39.000000
150,4,1,1,4-10,2026-02-10,2026-02-10T16:58:41.000000,2026-02-10T16:58:41.000000
151,5,3,1,5-3,2026-02-10,2026-02-10T06:25:37.000000,2026-02-10T06:25:37.000000
152,7,1,1,7-10,2026-02-10,2026-02-10T16:12:46.000000,2026-02-10T16:12:46.000000
153,12,3,1,12-3,2026-02-10,2026-02-10T16:56:43.000000,2026-02-10T16:56:43.000000
154,14,2,1,14-3,2026-02-10,2026-02-10T10:38:10.000000,2026-02-10T10:38:10.000000
155,17,4,1,17-2,2026-02-10,2026-02-10T18:56:53.000000,2026-02-10T18:56:53.000000
156,18,4,1,18-2,2026-02-10,2026-02-10T19:15:38.000000,2026-02-10T19:15:38.000000
157,20,3,1,20-3,2026-02-10,2026-02-10T18:51:41.000000,2026-02-10T18:51:41.000000
158,21,3,1,21-2,2026-02-10,2026-02-10T19:24:57.000000,2026-02-10T19:24:57.000000
159,1,2,1,1-2,2026-02-11,2026-02-11T19:45:54.000000,2026-02-11T19:45:54.000000
160,3,3,1,3-3,2026-02-11,2026-02-11T06:56:55.000000,2026-02-11T06:56:55.000000
161,6,2,1,6-3,2026-02-11,2026-02-11T19:57:31.000000,2026-02-11T19:57:31.000000
162,9,3,1,9-3,2026-02-11,2026-02-11T06:40:14.000000,2026-02-11T06:40:14.000000
163,18,4,1,18-2,2026-02-11,2026-02-11T19:03:10.000000,2026-02-11T19:03:10.000000
164,22,3,1,22-2,2026-02-11,2026-02-11T13:04:30.000000,2026-02-11T13:04:30.000000
165,27,1,1,27-1,2026-02-11,2026-02-11T18:24:45.000000,2026-02-11T18:24:45.000000
166,28,1,1,28-1,2026-02-11,2026-02-11T17:47:48.000000,2026-02-11T17:47:48.000000
167,6,2,1,6-3,2026-02-12,2026-02-12T16:51:23.000000,2026-02-12T16:51:23.000000
168,10,2,1,10-7,2026-02-12,2026-02-12T08:11:31.000000,2026-02-12T08:11:31.000000
169,23,3,1,23-2,2026-02-12,2026-02-12T18:38:31.000000,2026-02-12T18:38:31.000000
170,28,1,1,28-2,2026-02-12,2026-02-12T09:14:35.000000,2026-02-12T09:14:35.000000
171,29,1,1,29-1,2026-02-12,2026-02-12T07:01:31.000000,2026-02-12T07:01:31.000000
172,2,1,1,2-7,2026-02-13,2026-02-13T14:43:31.000000,2026-02-13T14:43:31.000000
173,26,3,1,26-2,2026-02-13,2026-02-13T07:26:22.000000,2026-02-13T07:26:22.000000
174,29,3,1,29-2,2026-02-13,2026-02-13T06:59:32.000000,2026-02-13T06:59:32.000000
175,7,1,1,7-11,2026-02-14,2026-02-14T11:24:50.000000,2026-02-14T11:24:50.000000
176,8,3,1,8-3,2026-02-14,2026-02-14T07:17:18.000000,2026-02-14T07:17:18.000000
177,15,3,1,15-2,2026-02-14,2026-02-14T12:43:36.000000,2026-02-14T12:43:36.000000
178,21,3,1,21-2,2026-02-14,2026-02-14T20:09:47.000000,2026-02-14T20:09:47.000000
179,24,1,1,24-3,2026-02-14,2026-02-14T13:09:48.000000,2026-02-14T13:09:48.000000
180,25,2,1,25-2,2026-02-14,2026-02-14T08:05:44.000000,2026-02-14T08:05:44.000000
181,30,1,1,30-1,2026-02-14,2026-02-14T07:19:55.000000,2026-02-14T07:19:55.000000
182,9,3,1,9-3,2026-02-16,2026-02-16T07:20:00.000000,2026-02-16T07:20:00.000000
183,18,4,1,18-2,2026-02-16,2026-02-16T17:47:57.000000,2026-02-16T17:47:57.000000
184,21,3,1,21-2,2026-02-16,2026-02-16T20:19:37.000000,2026-02-16T20:19:37.000000
185,25,2,1,25-2,2026-02-16,2026-02-16T09:32:41.000000,2026-02-16T09:32:41.000000
186,29,3,1,29-2,2026-02-16,2026-02-16T06:05:18.000000,2026-02-16T06:05:18.000000
187,4,1,1,4-11,2026-02-17,2026-02-17T14:31:22.000000,2026-02-17T14:31:22.000000
188,7,1,1,7-12,2026-02-17,2026-02-17T11:27:26.000000,2026-02-17T11:27:26.000000
189,12,3,1,12-3,2026-02-17,2026-02-17T17:39:28.000000,2026-02-17T17:39:28.000000
190,3,3,1,3-3,2026-02-18,2026-02-18T07:06:16.000000,2026-02-18T07:06:16.000000
191,31,1,1,31-1,2026-02-18,2026-02-18T18:03:55.000000,2026-02-18T18:03:55.000000
192,6,2,1,6-3,2026-02-19,2026-02-19T20:32:43.000000,2026-02-19T20:32:43.000000
193,8,3,1,8-3,2026-02-19,2026-02-19T06:40:08.000000,2026-02-19T06:40:08.000000
194,10,2,1,10-7,2026-02-19,2026-02-19T06:25:12.000000,2026-02-19T06:25:12.000000
195,15,3,1,15-2,2026-02-19,2026-02-19T14:16:01.000000,2026-02-19T14:16:01.000000
196,16,2,1,16-6,2026-02-19,2026-02-19T08:37:03.000000,2026-02-19T08:37:03.000000
197,19,1,1,19-6,2026-02-19,2026-02-19T07:38:43.000000,2026-02-19T07:38:43.000000
198,20,3,1,20-3,2026-02-19,2026-02-19T20:50:36.000000,2026-02-19T20:50:36.000000
199,24,1,1,24-4,2026-02-19,2026-02-19T19:55:37.000000,2026-02-19T19:55:37.000000
200,29,3,1,29-2,2026-02-19,2026-02-19T06:39:09.000000,2026-02-19T06:39:09.000000
201,3,3,1,3-3,2026-02-20,2026-02-20T06:33:37.000000,2026-02-20T06:33:37.000000
202,20,3,1,20-3,2026-02-20,2026-02-20T19:39:22.000000,2026-02-20T19:39:22.000000
203,24,1,1,24-5,2026-02-20,2026-02-20T18:38:53.000000,2026-02-20T18:38:53.000000
204,26,3,1,26-2,2026-02-20,2026-02-20T07:04:02.000000,2026-02-20T07:04:02.000000
205,4,1,1,4-12,2026-02-21,2026-02-21T11:03:23.000000,2026-02-21T11:03:23.000000
206,7,1,1,7-13,2026-02-21,2026-02-21T20:07:52.000000,2026-02-21T20:07:52.000000
207,8,3,1,8-3,2026-02-21,2026-02-21T06:46:39.000000,2026-02-21T06:46:39.000000
208,16,2,1,16-6,2026-02-21,2026-02-21T08:27:28.000000,2026-02-21T08:27:28.000000
209,20,3,1,20-3,2026-02-21,2026-02-21T20:19:22.000000,2026-02-21T20:19:22.000000
210,24,1,1,24-6,2026-02-21,2026-02-21T18:57:00.000000,2026-02-21T18:57:00.000000
211,26,3,1,26-2,2026-02-21,2026-02-21T06:28:48.000000,2026-02-21T06:28:48.000000
212,27,1,1,27-2,2026-02-21,2026-02-21T17:25:40.000000,2026-02-21T17:25:40.000000
213,28,1,1,28-3,2026-02-21,2026-02-21T15:58:57.000000,2026-02-21T15:58:57.000000
214,21,3,1,21-3,2026-02-23,2026-02-23T20:59:21.000000,2026-02-23T20:59:21.000000
215,24,1,1,24-7,2026-02-23,2026-02-23T15:12:24.000000,2026-02-23T15:12:24.000000
216,27,1,1,27-3,2026-02-23,2026-02-23T20:01:01.000000,2026-02-23T20:01:01.000000
217,30,2,1,30-2,2026-02-23,2026-02-23T06:52:50.000000,2026-02-23T06:52:50.000000
218,1,1,1,1-3,2026-02-24,2026-02-24T19:22:08.000000,2026-02-24T19:22:08.000000
219,4,1,1,4-13,2026-02-24,2026-02-24T14:24:42.000000,2026-02-24T14:24:42.000000
220,7,1,1,7-14,2026-02-24,2026-02-24T19:39:33.000000,2026-02-24T19:39:33.000000
221,23,2,1,23-3,2026-02-24,2026-02-24T17:17:39.000000,2026-02-24T17:17:39.000000
222,28,1,1,28-4,2026-02-24,2026-02-24T06:52:51.000000,2026-02-24T06:52:51.000000
223,29,3,1,29-2,2026-02-24,2026-02-24T07:03:12.000000,2026-02-24T07:03:12.000000
224,32,1,1,32-1,2026-02-24,2026-02-24T19:34:58.000000,2026-02-24T19:34:58.000000
225,3,3,1,3-3,2026-02-25,2026-02-25T07:28:46.000000,2026-02-25T07:28:46.000000
226,11,4,1,11-3,2026-02-25,2026-02-25T20:08:29.000000,2026-02-25T20:08:29.000000
227,13,2,1,13-2,2026-02-25,2026-02-25T17:32:53.000000,2026-02-25T17:32:53.000000
228,23,2,1,23-3,2026-02-25,2026-02-25T20:02:07.000000,2026-02-25T20:02:07.000000
229,24,1,1,24-8,2026-02-25,2026-02-25T19:52:48.000000,2026-02-25T19:52:48.000000
230,25,2,1,25-2,2026-02-25,2026-02-25T07:59:21.000000,2026-02-25T07:59:21.000000
231,2,3,1,2-8,2026-02-26,2026-02-26T20:40:58.000000,2026-02-26T20:40:58.000000
232,4,1,1,4-14,2026-02-26,2026-02-26T17:11:56.000000,2026-02-26T17:11:56.000000
233,10,2,1,10-7,2026-02-26,2026-02-26T09:21:14.000000,2026-02-26T09:21:14.000000
234,14,2,1,14-3,2026-02-26,2026-02-26T11:37:58.000000,2026-02-26T11:37:58.000000
235,2,3,1,2-8,2026-02-27,2026-02-27T16:10:13.000000,2026-02-27T16:10:13.000000
236,6,2,1,6-3,2026-02-27,2026-02-27T19:41:18.000000,2026-02-27T19:41:18.000000
237,7,1,1,7-15,2026-02-27,2026-02-27T10:49:57.000000,2026-02-27T10:49:57.000000
238,8,3,1,8-3,2026-02-27,2026-02-27T06:24:29.000000,2026-02-27T06:24:29.000000
239,11,4,1,11-3,2026-02-27,2026-02-27T19:33:43.000000,2026-02-27T19:33:43.000000
240,14,2,1,14-3,2026-02-27,2026-02-27T06:14:07.000000,2026-02-27T06:14:07.000000
241,24,1,1,24-9,2026-02-27,2026-02-27T13:43:23.000000,2026-02-27T13:43:23.000000
242,33,1,1,33-1,2026-02-27,2026-02-27T06:16:33.000000,2026-02-27T06:16:33.000000
243,4,2,1,4-15,2026-02-28,2026-02-28T15:06:54.000000,2026-02-28T15:06:54.000000
244,14,2,1,14-3,2026-02-28,2026-02-28T16:04:13.000000,2026-02-28T16:04:13.000000
245,34,1,1,34-1,2026-02-28,2026-02-28T12:08:39.000000,2026-02-28T12:08:39.000000
246,2,3,1,2-8,2026-03-02,2026-03-02T20:20:22.000000,2026-03-02T20:20:22.000000
247,17,4,1,17-2,2026-03-02,2026-03-02T19:46:24.000000,2026-03-02T19:46:24.000000
248,23,2,1,23-3,2026-03-02,2026-03-02T19:03:31.000000,2026-03-02T19:03:31.000000
249,34,2,1,34-2,2026-03-02,2026-03-02T13:17:37.000000,2026-03-02T13:17:37.000000
250,35,1,1,35-1,2026-03-02,2026-03-02T12:29:48.000000,2026-03-02T12:29:48.000000
251,10,1,1,10-8,2026-03-03,2026-03-03T08:10:46.000000,2026-03-03T08:10:46.000000
252,14,1,1,14-4,2026-03-03,2026-03-03T08:19:14.000000,2026-03-03T08:19:14.000000
253,22,2,1,22-3,2026-03-03,2026-03-03T13:44:14.000000,2026-03-03T13:44:14.000000
254,23,2,1,23-3,2026-03-03,2026-03-03T18:33:00.000000,2026-03-03T18:33:00.000000
255,29,3,1,29-2,2026-03-03,2026-03-03T06:17:11.000000,2026-03-03T06:17:11.000000
256,31,1,1,31-2,2026-03-03,2026-03-03T19:28:32.000000,2026-03-03T19:28:32.000000
257,1,3,1,1-4,2026-03-04,2026-03-04T17:37:37.000000,2026-03-04T17:37:37.000000
258,2,3,1,2-8,2026-03-04,2026-03-04T18:21:36.000000,2026-03-04T18:21:36.000000
259,12,3,1,12-3,2026-03-04,2026-03-04T20:15:14.000000,2026-03-04T20:15:14.000000
260,20,3,1,20-3,2026-03-04,2026-03-04T18:49:48.000000,2026-03-04T18:49:48.000000
261,1,3,1,1-4,2026-03-05,2026-03-05T20:02:38.000000,2026-03-05T20:02:38.000000
262,4,2,1,4-15,2026-03-05,2026-03-05T20:32:18.000000,2026-03-05T20:32:18.000000
263,12,3,1,12-3,2026-03-05,2026-03-05T19:23:22.000000,2026-03-05T19:23:22.000000
264,15,2,1,15-3,2026-03-05,2026-03-05T13:12:24.000000,2026-03-05T13:12:24.000000
265,20,3,1,20-3,2026-03-05,2026-03-05T15:26:45.000000,2026-03-05T15:26:45.000000
266,36,1,1,36-1,2026-03-05,2026-03-05T20:44:54.000000,2026-03-05T20:44:54.000000
267,2,3,1,2-8,2026-03-06,2026-03-06T18:51:08.000000,2026-03-06T18:51:08.000000
268,7,2,1,7-16,2026-03-06,2026-03-06T18:53:30.000000,2026-03-06T18:53:30.000000
269,16,1,1,16-7,2026-03-06,2026-03-06T09:35:02.000000,2026-03-06T09:35:02.000000
270,18,4,1,18-2,2026-03-06,2026-03-06T19:25:25.000000,2026-03-06T19:25:25.000000
271,24,1,1,24-10,2026-03-06,2026-03-06T09:50:45.000000,2026-03-06T09:50:45.000000
272,25,2,1,25-2,2026-03-06,2026-03-06T08:24:32.000000,2026-03-06T08:24:32.000000
273,26,3,1,26-2,2026-03-06,2026-03-06T06:45:19.000000,2026-03-06T06:45:19.000000
274,29,3,1,29-2,2026-03-06,2026-03-06T07:52:42.000000,2026-03-06T07:52:42.000000
275,3,3,1,3-3,2026-03-07,2026-03-07T07:39:52.000000,2026-03-07T07:39:52.000000
276,11,4,1,11-3,2026-03-07,2026-03-07T17:55:26.000000,2026-03-07T17:55:26.000000
277,12,3,1,12-3,2026-03-07,2026-03-07T20:15:06.000000,2026-03-07T20:15:06.000000
278,27,3,1,27-4,2026-03-07,2026-03-07T19:41:47.000000,2026-03-07T19:41:47.000000
279,32,4,1,32-2,2026-03-07,2026-03-07T17:59:47.000000,2026-03-07T17:59:47.000000
280,37,1,1,37-1,2026-03-07,2026-03-07T10:21:06.000000,2026-03-07T10:21:06.000000
281,10,1,1,10-9,2026-03-09,2026-03-09T07:49:35.000000,2026-03-09T07:49:35.000000
282,16,2,1,16-8,2026-03-09,2026-03-09T10:22:26.000000,2026-03-09T10:22:26.000000
283,35,3,1,35-2,2026-03-09,2026-03-09T14:17:24.000000,2026-03-09T14:17:24.000000
284,38,1,1,38-1,2026-03-09,2026-03-09T12:08:31.000000,2026-03-09T12:08:31.000000
285,6,2,1,6-4,2026-03-10,2026-03-10T19:13:27.000000,2026-03-10T19:13:27.000000
286,13,2,1,13-2,2026-03-10,2026-03-10T17:56:44.000000,2026-03-10T17:56:44.000000
287,28,1,1,28-5,2026-03-10,2026-03-10T06:26:49.000000,2026-03-10T06:26:49.000000
288,29,3,1,29-2,2026-03-10,2026-03-10T07:16:56.000000,2026-03-10T07:16:56.000000
289,37,1,1,37-2,2026-03-10,2026-03-10T16:41:22.000000,2026-03-10T16:41:22.000000
290,39,1,1,39-1,2026-03-10,2026-03-10T14:54:14.000000,2026-03-10T14:54:14.000000
291,11,4,1,11-3,2026-03-11,2026-03-11T20:09:56.000000,2026-03-11T20:09:56.000000
292,14,1,1,14-5,2026-03-11,2026-03-11T16:29:16.000000,2026-03-11T16:29:16.000000
293,15,2,1,15-3,2026-03-11,2026-03-11T14:25:44.000000,2026-03-11T14:25:44.000000
294,17,4,1,17-2,2026-03-11,2026-03-11T19:42:18.000000,2026-03-11T19:42:18.000000
295,20,3,1,20-3,2026-03-11,2026-03-11T18:34:50.000000,2026-03-11T18:34:50.000000
296,21,3,1,21-3,2026-03-11,2026-03-11T18:30:43.000000,2026-03-11T18:30:43.000000
297,24,3,1,24-11,2026-03-11,2026-03-11T10:41:52.000000,2026-03-11T10:41:52.000000
298,34,2,1,34-2,2026-03-11,2026-03-11T12:14:30.000000,2026-03-11T12:14:30.000000
299,2,3,1,2-8,2026-03-12,2026-03-12T17:31:06.000000,2026-03-12T17:31:06.000000
300,4,2,1,4-15,2026-03-12,2026-03-12T20:03:01.000000,2026-03-12T20:03:01.000000
301,5,4,1,5-4,2026-03-12,2026-03-12T07:24:35.000000,2026-03-12T07:24:35.000000
302,16,2,1,16-8,2026-03-12,2026-03-12T11:24:58.000000,2026-03-12T11:24:58.000000
303,21,3,1,21-3,2026-03-12,2026-03-12T19:30:02.000000,2026-03-12T19:30:02.000000
304,27,3,1,27-4,2026-03-12,2026-03-12T20:17:02.000000,2026-03-12T20:17:02.000000
305,29,3,1,29-2,2026-03-12,2026-03-12T06:10:12.000000,2026-03-12T06:10:12.000000
306,31,3,1,31-3,2026-03-12,2026-03-12T18:38:30.000000,2026-03-12T18:38:30.000000
307,38,2,1,38-2,2026-03-12,2026-03-12T16:18:07.000000,2026-03-12T16:18:07.000000
308,39,3,1,39-2,2026-03-12,2026-03-12T14:03:48.000000,2026-03-12T14:03:48.000000
309,1,3,1,1-4,2026-03-13,2026-03-13T17:02:18.000000,2026-03-13T17:02:18.000000
310,12,4,1,12-4,2026-03-13,2026-03-13T20:22:52.000000,2026-03-13T20:22:52.000000
311,13,2,1,13-2,2026-03-13,2026-03-13T18:19:00.000000,2026-03-13T18:19:00.000000
312,19,1,1,19-7,2026-03-13,2026-03-13T10:06:39.000000,2026-03-13T10:06:39.000000
313,22,2,1,22-3,2026-03-13,2026-03-13T14:13:30.000000,2026-03-13T14:13:30.000000
314,23,2,1,23-3,2026-03-13,2026-03-13T20:24:45.000000,2026-03-13T20:24:45.000000
315,34,2,1,34-2,2026-03-13,2026-03-13T13:08:46.000000,2026-03-13T13:08:46.000000
316,35,3,1,35-2,2026-03-13,2026-03-13T15:31:05.000000,2026-03-13T15:31:05.000000
317,7,2,1,7-16,2026-03-14,2026-03-14T07:04:23.000000,2026-03-14T07:04:23.000000
318,17,4,1,17-2,2026-03-14,2026-03-14T19:28:11.000000,2026-03-14T19:28:11.000000
319,18,4,1,18-2,2026-03-14,2026-03-14T18:27:05.000000,2026-03-14T18:27:05.000000
320,24,3,1,24-11,2026-03-14,2026-03-14T14:39:51.000000,2026-03-14T14:39:51.000000
321,26,3,1,26-2,2026-03-14,2026-03-14T07:56:24.000000,2026-03-14T07:56:24.000000
322,37,1,1,37-3,2026-03-14,2026-03-14T17:39:38.000000,2026-03-14T17:39:38.000000
323,39,3,1,39-2,2026-03-14,2026-03-14T10:04:42.000000,2026-03-14T10:04:42.000000
324,40,1,1,40-1,2026-03-14,2026-03-14T18:56:25.000000,2026-03-14T18:56:25.000000
325,7,2,1,7-16,2026-03-16,2026-03-16T11:18:18.000000,2026-03-16T11:18:18.000000
326,9,1,1,9-4,2026-03-16,2026-03-16T07:41:43.000000,2026-03-16T07:41:43.000000
327,12,4,1,12-4,2026-03-16,2026-03-16T19:12:56.000000,2026-03-16T19:12:56.000000
328,23,3,1,23-4,2026-03-16,2026-03-16T19:19:16.000000,2026-03-16T19:19:16.000000
329,19,3,1,19-8,2026-03-17,2026-03-17T11:18:01.000000,2026-03-17T11:18:01.000000
330,21,3,1,21-3,2026-03-17,2026-03-17T19:56:00.000000,2026-03-17T19:56:00.000000
331,36,2,1,36-2,2026-03-17,2026-03-17T20:32:28.000000,2026-03-17T20:32:28.000000
332,40,3,1,40-2,2026-03-17,2026-03-17T18:12:04.000000,2026-03-17T18:12:04.000000
333,1,3,1,1-4,2026-03-18,2026-03-18T20:47:06.000000,2026-03-18T20:47:06.000000
334,2,3,1,2-8,2026-03-18,2026-03-18T18:59:21.000000,2026-03-18T18:59:21.000000
335,12,4,1,12-4,2026-03-18,2026-03-18T19:32:40.000000,2026-03-18T19:32:40.000000
336,29,3,1,29-3,2026-03-18,2026-03-18T07:00:25.000000,2026-03-18T07:00:25.000000
337,31,3,1,31-3,2026-03-18,2026-03-18T17:49:55.000000,2026-03-18T17:49:55.000000
338,1,3,1,1-4,2026-03-19,2026-03-19T20:08:57.000000,2026-03-19T20:08:57.000000
339,2,3,1,2-8,2026-03-19,2026-03-19T18:50:42.000000,2026-03-19T18:50:42.000000
340,10,2,1,10-10,2026-03-19,2026-03-19T11:59:54.000000,2026-03-19T11:59:54.000000
341,14,1,1,14-6,2026-03-19,2026-03-19T18:05:35.000000,2026-03-19T18:05:35.000000
342,18,4,1,18-2,2026-03-19,2026-03-19T20:15:06.000000,2026-03-19T20:15:06.000000
343,19,3,1,19-8,2026-03-19,2026-03-19T06:00:12.000000,2026-03-19T06:00:12.000000
344,20,3,1,20-4,2026-03-19,2026-03-19T18:43:25.000000,2026-03-19T18:43:25.000000
345,24,3,1,24-11,2026-03-19,2026-03-19T17:48:37.000000,2026-03-19T17:48:37.000000
346,32,4,1,32-2,2026-03-19,2026-03-19T20:28:17.000000,2026-03-19T20:28:17.000000
347,39,3,1,39-2,2026-03-19,2026-03-19T13:36:15.000000,2026-03-19T13:36:15.000000
348,41,1,1,41-1,2026-03-19,2026-03-19T06:45:45.000000,2026-03-19T06:45:45.000000
349,2,3,1,2-8,2026-03-20,2026-03-20T17:21:48.000000,2026-03-20T17:21:48.000000
350,9,3,1,9-5,2026-03-20,2026-03-20T07:12:36.000000,2026-03-20T07:12:36.000000
351,13,2,1,13-2,2026-03-20,2026-03-20T19:13:55.000000,2026-03-20T19:13:55.000000
352,14,2,1,14-7,2026-03-20,2026-03-20T20:58:25.000000,2026-03-20T20:58:25.000000
353,20,3,1,20-4,2026-03-20,2026-03-20T15:33:56.000000,2026-03-20T15:33:56.000000
354,26,4,1,26-3,2026-03-20,2026-03-20T06:06:20.000000,2026-03-20T06:06:20.000000
355,32,4,1,32-2,2026-03-20,2026-03-20T17:35:10.000000,2026-03-20T17:35:10.000000
356,36,2,1,36-2,2026-03-20,2026-03-20T20:23:47.000000,2026-03-20T20:23:47.000000
357,4,2,1,4-15,2026-03-21,2026-03-21T07:12:02.000000,2026-03-21T07:12:02.000000
358,5,4,1,5-4,2026-03-21,2026-03-21T06:35:29.000000,2026-03-21T06:35:29.000000
359,11,4,1,11-3,2026-03-21,2026-03-21T19:33:49.000000,2026-03-21T19:33:49.000000
360,13,2,1,13-2,2026-03-21,2026-03-21T19:35:06.000000,2026-03-21T19:35:06.000000
361,17,4,1,17-2,2026-03-21,2026-03-21T18:35:18.000000,2026-03-21T18:35:18.000000
362,22,2,1,22-3,2026-03-21,2026-03-21T13:48:45.000000,2026-03-21T13:48:45.000000
363,25,1,1,25-3,2026-03-21,2026-03-21T10:36:23.000000,2026-03-21T10:36:23.000000
364,34,2,1,34-2,2026-03-21,2026-03-21T12:54:03.000000,2026-03-21T12:54:03.000000
365,3,2,1,3-4,2026-03-23,2026-03-23T07:29:37.000000,2026-03-23T07:29:37.000000
366,5,4,1,5-4,2026-03-23,2026-03-23T06:45:47.000000,2026-03-23T06:45:47.000000
367,11,4,1,11-3,2026-03-23,2026-03-23T20:24:15.000000,2026-03-23T20:24:15.000000
368,26,4,1,26-3,2026-03-23,2026-03-23T07:26:05.000000,2026-03-23T07:26:05.000000
369,29,3,1,29-3,2026-03-23,2026-03-23T06:36:46.000000,2026-03-23T06:36:46.000000
370,31,3,1,31-3,2026-03-23,2026-03-23T18:36:28.000000,2026-03-23T18:36:28.000000
371,33,3,1,33-2,2026-03-23,2026-03-23T07:10:22.000000,2026-03-23T07:10:22.000000
372,40,3,1,40-2,2026-03-23,2026-03-23T18:57:29.000000,2026-03-23T18:57:29.000000
373,41,2,1,41-2,2026-03-23,2026-03-23T10:11:31.000000,2026-03-23T10:11:31.000000
374,42,1,1,42-1,2026-03-23,2026-03-23T19:30:25.000000,2026-03-23T19:30:25.000000
375,22,2,1,22-3,2026-03-24,2026-03-24T12:02:00.000000,2026-03-24T12:02:00.000000
376,23,3,1,23-4,2026-03-24,2026-03-24T18:50:08.000000,2026-03-24T18:50:08.000000
377,33,3,1,33-2,2026-03-24,2026-03-24T06:12:10.000000,2026-03-24T06:12:10.000000
378,34,2,1,34-2,2026-03-24,2026-03-24T11:03:30.000000,2026-03-24T11:03:30.000000
379,36,2,1,36-2,2026-03-24,2026-03-24T19:03:50.000000,2026-03-24T19:03:50.000000
380,37,1,1,37-4,2026-03-24,2026-03-24T20:06:11.000000,2026-03-24T20:06:11.000000
381,40,3,1,40-2,2026-03-24,2026-03-24T17:25:43.000000,2026-03-24T17:25:43.000000
382,41,2,1,41-2,2026-03-24,2026-03-24T06:59:49.000000,2026-03-24T06:59:49.000000
383,1,3,1,1-4,2026-03-25,2026-03-25T20:01:24.000000,2026-03-25T20:01:24.000000
384,9,3,1,9-5,2026-03-25,2026-03-25T06:26:07.000000,2026-03-25T06:26:07.000000
385,19,3,1,19-8,2026-03-25,2026-03-25T07:13:51.000000,2026-03-25T07:13:51.000000
386,27,3,1,27-4,2026-03-25,2026-03-25T19:40:28.000000,2026-03-25T19:40:28.000000
387,39,3,1,39-2,2026-03-25,2026-03-25T09:20:31.000000,2026-03-25T09:20:31.000000
388,42,3,1,42-2,2026-03-25,2026-03-25T20:23:32.000000,2026-03-25T20:23:32.000000
389,2,3,1,2-8,2026-03-26,2026-03-26T20:12:21.000000,2026-03-26T20:12:21.000000
390,19,3,1,19-8,2026-03-26,2026-03-26T07:56:13.000000,2026-03-26T07:56:13.000000
391,20,3,1,20-4,2026-03-26,2026-03-26T20:54:52.000000,2026-03-26T20:54:52.000000
392,42,3,1,42-2,2026-03-26,2026-03-26T20:40:40.000000,2026-03-26T20:40:40.000000
393,6,2,1,6-4,2026-03-27,2026-03-27T17:48:42.000000,2026-03-27T17:48:42.000000
394,7,2,1,7-16,2026-03-27,2026-03-27T14:11:38.000000,2026-03-27T14:11:38.000000
395,8,3,1,8-4,2026-03-27,2026-03-27T07:12:55.000000,2026-03-27T07:12:55.000000
396,13,2,1,13-3,2026-03-27,2026-03-27T19:31:04.000000,2026-03-27T19:31:04.000000
397,19,3,1,19-8,2026-03-27,2026-03-27T12:00:15.000000,2026-03-27T12:00:15.000000
398,22,2,1,22-3,2026-03-27,2026-03-27T13:08:55.000000,2026-03-27T13:08:55.000000
399,29,3,1,29-3,2026-03-27,2026-03-27T06:40:35.000000,2026-03-27T06:40:35.000000
400,30,3,1,30-3,2026-03-27,2026-03-27T06:53:22.000000,2026-03-27T06:53:22.000000
401,33,3,1,33-2,2026-03-27,2026-03-27T07:16:09.000000,2026-03-27T07:16:09.000000
402,34,1,1,34-3,2026-03-27,2026-03-27T10:57:43.000000,2026-03-27T10:57:43.000000
403,38,2,1,38-2,2026-03-27,2026-03-27T09:23:05.000000,2026-03-27T09:23:05.000000
404,42,3,1,42-2,2026-03-27,2026-03-27T17:04:03.000000,2026-03-27T17:04:03.000000
405,2,3,1,2-9,2026-03-28,2026-03-28T17:12:31.000000,2026-03-28T17:12:31.000000
406,13,2,1,13-3,2026-03-28,2026-03-28T19:57:17.000000,2026-03-28T19:57:17.000000
407,15,2,1,15-3,2026-03-28,2026-03-28T13:25:08.000000,2026-03-28T13:25:08.000000
408,20,3,1,20-4,2026-03-28,2026-03-28T17:20:13.000000,2026-03-28T17:20:13.000000
409,25,1,1,25-4,2026-03-28,2026-03-28T08:40:28.000000,2026-03-28T08:40:28.000000
410,27,3,1,27-4,2026-03-28,2026-03-28T20:33:39.000000,2026-03-28T20:33:39.000000
411,31,3,1,31-3,2026-03-28,2026-03-28T20:27:47.000000,2026-03-28T20:27:47.000000
412,36,2,1,36-2,2026-03-28,2026-03-28T19:44:24.000000,2026-03-28T19:44:24.000000
413,37,1,1,37-5,2026-03-28,2026-03-28T13:34:51.000000,2026-03-28T13:34:51.000000
414,43,1,1,43-1,2026-03-28,2026-03-28T16:45:56.000000,2026-03-28T16:45:56.000000
415,44,1,1,44-1,2026-03-29,2026-03-29T20:21:17.000000,2026-03-29T20:21:17.000000
416,7,2,1,7-16,2026-03-30,2026-03-30T15:57:43.000000,2026-03-30T15:57:43.000000
417,22,2,1,22-4,2026-03-30,2026-03-30T14:14:03.000000,2026-03-30T14:14:03.000000
418,23,3,1,23-4,2026-03-30,2026-03-30T19:41:15.000000,2026-03-30T19:41:15.000000
419,24,3,1,24-11,2026-03-30,2026-03-30T14:20:04.000000,2026-03-30T14:20:04.000000
420,45,1,1,45-1,2026-03-30,2026-03-30T18:45:58.000000,2026-03-30T18:45:58.000000
421,9,3,1,9-5,2026-03-31,2026-03-31T07:18:50.000000,2026-03-31T07:18:50.000000
422,11,4,1,11-3,2026-03-31,2026-03-31T20:46:39.000000,2026-03-31T20:46:39.000000
423,16,2,1,16-8,2026-03-31,2026-03-31T10:11:40.000000,2026-03-31T10:11:40.000000
424,18,4,1,18-2,2026-03-31,2026-03-31T18:41:27.000000,2026-03-31T18:41:27.000000
425,21,3,1,21-4,2026-03-31,2026-03-31T20:00:30.000000,2026-03-31T20:00:30.000000
426,23,3,1,23-4,2026-03-31,2026-03-31T19:21:36.000000,2026-03-31T19:21:36.000000
427,25,2,1,25-5,2026-03-31,2026-03-31T06:41:25.000000,2026-03-31T06:41:25.000000
428,26,4,1,26-3,2026-03-31,2026-03-31T06:50:51.000000,2026-03-31T06:50:51.000000
429,28,1,1,28-6,2026-03-31,2026-03-31T18:35:25.000000,2026-03-31T18:35:25.000000
430,32,4,1,32-2,2026-03-31,2026-03-31T18:05:45.000000,2026-03-31T18:05:45.000000
431,43,1,1,43-2,2026-03-31,2026-03-31T18:47:29.000000,2026-03-31T18:47:29.000000
432,46,1,1,46-1,2026-03-31,2026-03-31T06:35:06.000000,2026-03-31T06:35:06.000000
433,47,1,1,47-1,2026-03-31,2026-03-31T19:09:00.000000,2026-03-31T19:09:00.000000
434,11,4,1,11-3,2026-04-01,2026-04-01T19:50:25.000000,2026-04-01T19:50:25.000000
435,17,4,1,17-2,2026-04-01,2026-04-01T18:42:04.000000,2026-04-01T18:42:04.000000
436,20,3,1,20-4,2026-04-01,2026-04-01T18:22:30.000000,2026-04-01T18:22:30.000000
437,36,2,1,36-2,2026-04-01,2026-04-01T20:37:40.000000,2026-04-01T20:37:40.000000
438,42,3,1,42-2,2026-04-01,2026-04-01T18:34:45.000000,2026-04-01T18:34:45.000000
439,45,3,1,45-2,2026-04-01,2026-04-01T20:03:32.000000,2026-04-01T20:03:32.000000
440,1,3,1,1-4,2026-04-02,2026-04-02T19:17:22.000000,2026-04-02T19:17:22.000000
441,5,4,1,5-4,2026-04-02,2026-04-02T07:11:04.000000,2026-04-02T07:11:04.000000
442,10,2,1,10-10,2026-04-02,2026-04-02T08:41:26.000000,2026-04-02T08:41:26.000000
443,18,4,1,18-2,2026-04-02,2026-04-02T17:42:34.000000,2026-04-02T17:42:34.000000
444,19,3,1,19-8,2026-04-02,2026-04-02T11:34:09.000000,2026-04-02T11:34:09.000000
445,20,3,1,20-4,2026-04-02,2026-04-02T19:38:17.000000,2026-04-02T19:38:17.000000
446,27,3,1,27-4,2026-04-02,2026-04-02T20:37:43.000000,2026-04-02T20:37:43.000000
447,30,3,1,30-3,2026-04-02,2026-04-02T06:55:23.000000,2026-04-02T06:55:23.000000
448,33,3,1,33-2,2026-04-02,2026-04-02T07:51:06.000000,2026-04-02T07:51:06.000000
449,38,2,1,38-2,2026-04-02,2026-04-02T15:57:34.000000,2026-04-02T15:57:34.000000
450,39,3,1,39-2,2026-04-02,2026-04-02T13:58:14.000000,2026-04-02T13:58:14.000000
451,42,3,1,42-2,2026-04-02,2026-04-02T19:02:46.000000,2026-04-02T19:02:46.000000
452,6,2,1,6-4,2026-04-03,2026-04-03T20:46:06.000000,2026-04-03T20:46:06.000000
453,10,2,1,10-10,2026-04-03,2026-04-03T11:31:15.000000,2026-04-03T11:31:15.000000
454,13,2,1,13-3,2026-04-03,2026-04-03T20:07:05.000000,2026-04-03T20:07:05.000000
455,15,2,1,15-3,2026-04-03,2026-04-03T15:45:30.000000,2026-04-03T15:45:30.000000
456,24,3,1,24-11,2026-04-03,2026-04-03T17:07:18.000000,2026-04-03T17:07:18.000000
457,36,2,1,36-3,2026-04-03,2026-04-03T18:09:52.000000,2026-04-03T18:09:52.000000
458,46,3,1,46-2,2026-04-03,2026-04-03T07:04:36.000000,2026-04-03T07:04:36.000000
459,12,4,1,12-4,2026-04-04,2026-04-04T19:37:20.000000,2026-04-04T19:37:20.000000
460,18,4,1,18-2,2026-04-04,2026-04-04T20:37:49.000000,2026-04-04T20:37:49.000000
461,19,3,1,19-8,2026-04-04,2026-04-04T10:41:02.000000,2026-04-04T10:41:02.000000
462,24,3,1,24-11,2026-04-04,2026-04-04T15:13:17.000000,2026-04-04T15:13:17.000000
463,25,2,1,25-5,2026-04-04,2026-04-04T11:28:20.000000,2026-04-04T11:28:20.000000
464,42,3,1,42-2,2026-04-04,2026-04-04T19:42:06.000000,2026-04-04T19:42:06.000000
465,44,4,1,44-2,2026-04-04,2026-04-04T19:23:12.000000,2026-04-04T19:23:12.000000
466,45,3,1,45-2,2026-04-04,2026-04-04T19:24:55.000000,2026-04-04T19:24:55.000000
467,48,1,1,48-1,2026-04-04,2026-04-04T11:51:05.000000,2026-04-04T11:51:05.000000
468,49,1,1,49-1,2026-04-04,2026-04-04T12:28:09.000000,2026-04-04T12:28:09.000000
469,50,1,1,50-1,2026-04-05,2026-04-05T19:00:05.000000,2026-04-05T19:00:05.000000
470,1,1,1,1-5,2026-04-06,2026-04-06T13:28:58.000000,2026-04-06T13:28:58.000000
471,2,3,1,2-9,2026-04-06,2026-04-06T18:17:38.000000,2026-04-06T18:17:38.000000
472,4,1,1,4-16,2026-04-06,2026-04-06T13:00:21.000000,2026-04-06T13:00:21.000000
473,5,4,1,5-4,2026-04-06,2026-04-06T06:23:30.000000,2026-04-06T06:23:30.000000
474,11,4,1,11-3,2026-04-06,2026-04-06T17:04:31.000000,2026-04-06T17:04:31.000000
475,13,2,1,13-3,2026-04-06,2026-04-06T17:49:48.000000,2026-04-06T17:49:48.000000
476,17,4,1,17-2,2026-04-06,2026-04-06T18:25:08.000000,2026-04-06T18:25:08.000000
477,19,3,1,19-8,2026-04-06,2026-04-06T09:54:21.000000,2026-04-06T09:54:21.000000
478,32,4,1,32-2,2026-04-06,2026-04-06T20:51:40.000000,2026-04-06T20:51:40.000000
479,46,3,1,46-2,2026-04-06,2026-04-06T07:24:47.000000,2026-04-06T07:24:47.000000
480,48,1,1,48-2,2026-04-06,2026-04-06T11:57:41.000000,2026-04-06T11:57:41.000000
481,1,2,1,1-6,2026-04-07,2026-04-07T18:48:03.000000,2026-04-07T18:48:03.000000
482,11,4,1,11-3,2026-04-07,2026-04-07T19:36:46.000000,2026-04-07T19:36:46.000000
483,24,3,1,24-11,2026-04-07,2026-04-07T16:04:16.000000,2026-04-07T16:04:16.000000
484,27,1,1,27-5,2026-04-07,2026-04-07T20:46:12.000000,2026-04-07T20:46:12.000000
485,28,1,1,28-7,2026-04-07,2026-04-07T06:34:56.000000,2026-04-07T06:34:56.000000
486,30,3,1,30-3,2026-04-07,2026-04-07T06:57:03.000000,2026-04-07T06:57:03.000000
487,33,3,1,33-2,2026-04-07,2026-04-07T06:03:57.000000,2026-04-07T06:03:57.000000
488,3,2,1,3-4,2026-04-08,2026-04-08T08:18:23.000000,2026-04-08T08:18:23.000000
489,5,4,1,5-4,2026-04-08,2026-04-08T06:33:17.000000,2026-04-08T06:33:17.000000
490,24,3,1,24-11,2026-04-08,2026-04-08T19:16:22.000000,2026-04-08T19:16:22.000000
491,33,3,1,33-2,2026-04-08,2026-04-08T06:43:35.000000,2026-04-08T06:43:35.000000
492,43,1,1,43-3,2026-04-08,2026-04-08T07:29:23.000000,2026-04-08T07:29:23.000000
493,2,3,1,2-9,2026-04-09,2026-04-09T17:51:52.000000,2026-04-09T17:51:52.000000
494,4,1,1,4-17,2026-04-09,2026-04-09T06:22:16.000000,2026-04-09T06:22:16.000000
495,6,1,1,6-5,2026-04-09,2026-04-09T17:27:56.000000,2026-04-09T17:27:56.000000
496,11,4,1,11-3,2026-04-09,2026-04-09T19:39:46.000000,2026-04-09T19:39:46.000000
497,12,4,1,12-4,2026-04-09,2026-04-09T20:45:16.000000,2026-04-09T20:45:16.000000
498,21,3,1,21-4,2026-04-09,2026-04-09T18:21:58.000000,2026-04-09T18:21:58.000000
499,37,1,1,37-6,2026-04-09,2026-04-09T13:19:43.000000,2026-04-09T13:19:43.000000
500,38,2,1,38-2,2026-04-09,2026-04-09T13:25:21.000000,2026-04-09T13:25:21.000000
501,41,2,1,41-2,2026-04-09,2026-04-09T13:24:25.000000,2026-04-09T13:24:25.000000
502,46,3,1,46-2,2026-04-09,2026-04-09T07:20:31.000000,2026-04-09T07:20:31.000000
503,48,1,1,48-3,2026-04-09,2026-04-09T17:21:11.000000,2026-04-09T17:21:11.000000
504,51,1,1,51-1,2026-04-09,2026-04-09T19:19:18.000000,2026-04-09T19:19:18.000000
505,1,2,1,1-6,2026-04-10,2026-04-10T17:28:08.000000,2026-04-10T17:28:08.000000
506,6,3,1,6-6,2026-04-10,2026-04-10T17:35:35.000000,2026-04-10T17:35:35.000000
507,24,1,1,24-12,2026-04-10,2026-04-10T16:52:43.000000,2026-04-10T16:52:43.000000
508,29,3,1,29-3,2026-04-10,2026-04-10T06:15:39.000000,2026-04-10T06:15:39.000000
509,32,4,1,32-2,2026-04-10,2026-04-10T16:07:50.000000,2026-04-10T16:07:50.000000
510,35,2,1,35-3,2026-04-10,2026-04-10T12:59:15.000000,2026-04-10T12:59:15.000000
511,44,4,1,44-2,2026-04-10,2026-04-10T19:56:25.000000,2026-04-10T19:56:25.000000
512,46,3,1,46-2,2026-04-10,2026-04-10T06:07:35.000000,2026-04-10T06:07:35.000000
513,8,3,1,8-4,2026-04-11,2026-04-11T06:54:05.000000,2026-04-11T06:54:05.000000
514,13,2,1,13-3,2026-04-11,2026-04-11T18:41:26.000000,2026-04-11T18:41:26.000000
515,21,3,1,21-4,2026-04-11,2026-04-11T18:35:42.000000,2026-04-11T18:35:42.000000
516,22,2,1,22-4,2026-04-11,2026-04-11T11:21:29.000000,2026-04-11T11:21:29.000000
517,24,1,1,24-13,2026-04-11,2026-04-11T13:13:31.000000,2026-04-11T13:13:31.000000
518,25,2,1,25-5,2026-04-11,2026-04-11T09:50:27.000000,2026-04-11T09:50:27.000000
519,27,4,1,27-6,2026-04-11,2026-04-11T20:29:58.000000,2026-04-11T20:29:58.000000
520,28,1,1,28-8,2026-04-11,2026-04-11T09:12:54.000000,2026-04-11T09:12:54.000000
521,31,3,1,31-4,2026-04-11,2026-04-11T18:19:35.000000,2026-04-11T18:19:35.000000
522,37,2,1,37-7,2026-04-11,2026-04-11T16:26:10.000000,2026-04-11T16:26:10.000000
523,42,3,1,42-2,2026-04-11,2026-04-11T20:41:32.000000,2026-04-11T20:41:32.000000
524,2,3,1,2-9,2026-04-13,2026-04-13T17:15:19.000000,2026-04-13T17:15:19.000000
525,4,1,1,4-18,2026-04-13,2026-04-13T18:31:31.000000,2026-04-13T18:31:31.000000
526,5,4,1,5-4,2026-04-13,2026-04-13T06:19:41.000000,2026-04-13T06:19:41.000000
527,11,4,1,11-3,2026-04-13,2026-04-13T19:35:30.000000,2026-04-13T19:35:30.000000
528,15,2,1,15-4,2026-04-13,2026-04-13T14:30:58.000000,2026-04-13T14:30:58.000000
529,23,3,1,23-4,2026-04-13,2026-04-13T20:52:17.000000,2026-04-13T20:52:17.000000
530,30,3,1,30-3,2026-04-13,2026-04-13T06:39:58.000000,2026-04-13T06:39:58.000000
531,36,2,1,36-3,2026-04-13,2026-04-13T20:40:16.000000,2026-04-13T20:40:16.000000
532,43,1,1,43-4,2026-04-13,2026-04-13T19:39:36.000000,2026-04-13T19:39:36.000000
533,1,2,1,1-6,2026-04-14,2026-04-14T20:57:26.000000,2026-04-14T20:57:26.000000
534,5,4,1,5-4,2026-04-14,2026-04-14T06:09:55.000000,2026-04-14T06:09:55.000000
535,10,2,1,10-10,2026-04-14,2026-04-14T10:54:18.000000,2026-04-14T10:54:18.000000
536,14,2,1,14-7,2026-04-14,2026-04-14T11:04:40.000000,2026-04-14T11:04:40.000000
537,22,2,1,22-4,2026-04-14,2026-04-14T12:55:27.000000,2026-04-14T12:55:27.000000
538,28,1,1,28-9,2026-04-14,2026-04-14T19:56:07.000000,2026-04-14T19:56:07.000000
539,35,2,1,35-3,2026-04-14,2026-04-14T12:43:54.000000,2026-04-14T12:43:54.000000
540,39,1,1,39-3,2026-04-14,2026-04-14T15:14:43.000000,2026-04-14T15:14:43.000000
541,42,3,1,42-2,2026-04-14,2026-04-14T18:58:50.000000,2026-04-14T18:58:50.000000
542,45,3,1,45-2,2026-04-14,2026-04-14T19:33:15.000000,2026-04-14T19:33:15.000000
543,51,1,1,51-2,2026-04-14,2026-04-14T20:21:39.000000,2026-04-14T20:21:39.000000
544,52,1,1,52-1,2026-04-14,2026-04-14T06:55:04.000000,2026-04-14T06:55:04.000000
545,6,3,1,6-6,2026-04-15,2026-04-15T15:49:08.000000,2026-04-15T15:49:08.000000
546,18,4,1,18-2,2026-04-15,2026-04-15T18:49:12.000000,2026-04-15T18:49:12.000000
547,30,3,1,30-3,2026-04-15,2026-04-15T06:56:50.000000,2026-04-15T06:56:50.000000
548,31,3,1,31-4,2026-04-15,2026-04-15T19:25:18.000000,2026-04-15T19:25:18.000000
549,33,3,1,33-2,2026-04-15,2026-04-15T06:32:03.000000,2026-04-15T06:32:03.000000
550,35,2,1,35-3,2026-04-15,2026-04-15T13:13:21.000000,2026-04-15T13:13:21.000000
551,36,2,1,36-3,2026-04-15,2026-04-15T15:20:42.000000,2026-04-15T15:20:42.000000
552,52,3,1,52-2,2026-04-15,2026-04-15T06:43:19.000000,2026-04-15T06:43:19.000000
553,14,2,1,14-7,2026-04-16,2026-04-16T11:00:55.000000,2026-04-16T11:00:55.000000
554,18,4,1,18-2,2026-04-16,2026-04-16T20:02:29.000000,2026-04-16T20:02:29.000000
555,21,3,1,21-4,2026-04-16,2026-04-16T20:37:41.000000,2026-04-16T20:37:41.000000
556,22,2,1,22-4,2026-04-16,2026-04-16T16:22:44.000000,2026-04-16T16:22:44.000000
557,23,3,1,23-5,2026-04-16,2026-04-16T19:00:38.000000,2026-04-16T19:00:38.000000
558,29,3,1,29-3,2026-04-16,2026-04-16T06:18:03.000000,2026-04-16T06:18:03.000000
559,38,1,1,38-3,2026-04-16,2026-04-16T17:24:10.000000,2026-04-16T17:24:10.000000
560,39,2,1,39-4,2026-04-16,2026-04-16T09:28:21.000000,2026-04-16T09:28:21.000000
561,48,1,1,48-4,2026-04-16,2026-04-16T10:32:10.000000,2026-04-16T10:32:10.000000
562,14,2,1,14-7,2026-04-17,2026-04-17T19:24:54.000000,2026-04-17T19:24:54.000000
563,21,3,1,21-4,2026-04-17,2026-04-17T20:50:38.000000,2026-04-17T20:50:38.000000
564,30,3,1,30-3,2026-04-17,2026-04-17T06:04:27.000000,2026-04-17T06:04:27.000000
565,4,1,1,4-19,2026-04-18,2026-04-18T10:46:10.000000,2026-04-18T10:46:10.000000
566,9,3,1,9-5,2026-04-18,2026-04-18T07:07:27.000000,2026-04-18T07:07:27.000000
567,10,1,1,10-11,2026-04-18,2026-04-18T08:11:50.000000,2026-04-18T08:11:50.000000
568,14,2,1,14-7,2026-04-18,2026-04-18T14:02:08.000000,2026-04-18T14:02:08.000000
569,15,2,1,15-4,2026-04-18,2026-04-18T13:19:28.000000,2026-04-18T13:19:28.000000
570,16,2,1,16-9,2026-04-18,2026-04-18T06:27:34.000000,2026-04-18T06:27:34.000000
571,22,2,1,22-4,2026-04-18,2026-04-18T11:53:16.000000,2026-04-18T11:53:16.000000
572,23,3,1,23-5,2026-04-18,2026-04-18T16:57:57.000000,2026-04-18T16:57:57.000000
573,24,2,1,24-14,2026-04-18,2026-04-18T19:34:30.000000,2026-04-18T19:34:30.000000
574,29,3,1,29-4,2026-04-18,2026-04-18T06:13:54.000000,2026-04-18T06:13:54.000000
575,39,2,1,39-4,2026-04-18,2026-04-18T11:55:49.000000,2026-04-18T11:55:49.000000
576,43,1,1,43-5,2026-04-18,2026-04-18T15:39:46.000000,2026-04-18T15:39:46.000000
577,47,1,1,47-2,2026-04-18,2026-04-18T19:01:21.000000,2026-04-18T19:01:21.000000
578,53,1,1,53-1,2026-04-18,2026-04-18T20:53:16.000000,2026-04-18T20:53:16.000000
579,4,1,1,4-20,2026-04-20,2026-04-20T11:09:32.000000,2026-04-20T11:09:32.000000
580,10,2,1,10-12,2026-04-20,2026-04-20T07:59:11.000000,2026-04-20T07:59:11.000000
581,22,2,1,22-5,2026-04-20,2026-04-20T14:01:26.000000,2026-04-20T14:01:26.000000
582,23,3,1,23-5,2026-04-20,2026-04-20T19:22:50.000000,2026-04-20T19:22:50.000000
583,35,2,1,35-3,2026-04-20,2026-04-20T12:46:44.000000,2026-04-20T12:46:44.000000
584,38,1,1,38-4,2026-04-20,2026-04-20T19:16:18.000000,2026-04-20T19:16:18.000000
585,44,4,1,44-2,2026-04-20,2026-04-20T20:35:54.000000,2026-04-20T20:35:54.000000
586,14,1,1,14-8,2026-04-21,2026-04-21T13:39:27.000000,2026-04-21T13:39:27.000000
587,27,4,1,27-6,2026-04-21,2026-04-21T19:12:11.000000,2026-04-21T19:12:11.000000
588,28,1,1,28-10,2026-04-21,2026-04-21T18:08:26.000000,2026-04-21T18:08:26.000000
589,42,3,1,42-2,2026-04-21,2026-04-21T19:40:16.000000,2026-04-21T19:40:16.000000
590,50,1,1,50-2,2026-04-21,2026-04-21T18:22:32.000000,2026-04-21T18:22:32.000000
591,54,1,1,54-1,2026-04-21,2026-04-21T07:30:28.000000,2026-04-21T07:30:28.000000
592,12,4,1,12-4,2026-04-22,2026-04-22T19:49:37.000000,2026-04-22T19:49:37.000000
593,26,4,1,26-3,2026-04-22,2026-04-22T07:28:11.000000,2026-04-22T07:28:11.000000
594,32,4,1,32-2,2026-04-22,2026-04-22T18:57:49.000000,2026-04-22T18:57:49.000000
595,33,2,1,33-3,2026-04-22,2026-04-22T06:03:37.000000,2026-04-22T06:03:37.000000
596,47,1,1,47-3,2026-04-22,2026-04-22T19:34:21.000000,2026-04-22T19:34:21.000000
597,48,1,1,48-5,2026-04-22,2026-04-22T15:17:19.000000,2026-04-22T15:17:19.000000
598,49,2,1,49-2,2026-04-22,2026-04-22T13:22:34.000000,2026-04-22T13:22:34.000000
599,51,1,1,51-3,2026-04-22,2026-04-22T19:44:10.000000,2026-04-22T19:44:10.000000
600,52,3,1,52-2,2026-04-22,2026-04-22T07:12:13.000000,2026-04-22T07:12:13.000000
601,54,3,1,54-2,2026-04-22,2026-04-22T06:21:25.000000,2026-04-22T06:21:25.000000
602,3,3,1,3-5,2026-04-23,2026-04-23T06:04:07.000000,2026-04-23T06:04:07.000000
603,6,3,1,6-6,2026-04-23,2026-04-23T20:25:46.000000,2026-04-23T20:25:46.000000
604,9,3,1,9-6,2026-04-23,2026-04-23T06:10:26.000000,2026-04-23T06:10:26.000000
605,11,4,1,11-3,2026-04-23,2026-04-23T19:18:38.000000,2026-04-23T19:18:38.000000
606,17,4,1,17-2,2026-04-23,2026-04-23T20:29:10.000000,2026-04-23T20:29:10.000000
607,34,2,1,34-4,2026-04-23,2026-04-23T13:31:20.000000,2026-04-23T13:31:20.000000
608,35,2,1,35-3,2026-04-23,2026-04-23T11:35:35.000000,2026-04-23T11:35:35.000000
609,53,4,1,53-2,2026-04-23,2026-04-23T19:59:31.000000,2026-04-23T19:59:31.000000
610,55,1,1,55-1,2026-04-23,2026-04-23T19:57:21.000000,2026-04-23T19:57:21.000000
611,1,2,1,1-6,2026-04-24,2026-04-24T20:10:20.000000,2026-04-24T20:10:20.000000
612,10,2,1,10-12,2026-04-24,2026-04-24T11:58:44.000000,2026-04-24T11:58:44.000000
613,11,4,1,11-3,2026-04-24,2026-04-24T19:32:09.000000,2026-04-24T19:32:09.000000
614,13,4,1,13-4,2026-04-24,2026-04-24T20:04:36.000000,2026-04-24T20:04:36.000000
615,15,2,1,15-4,2026-04-24,2026-04-24T11:23:46.000000,2026-04-24T11:23:46.000000
616,29,3,1,29-4,2026-04-24,2026-04-24T06:48:13.000000,2026-04-24T06:48:13.000000
617,30,3,1,30-3,2026-04-24,2026-04-24T06:37:09.000000,2026-04-24T06:37:09.000000
618,39,2,1,39-4,2026-04-24,2026-04-24T10:26:55.000000,2026-04-24T10:26:55.000000
619,47,2,1,47-4,2026-04-24,2026-04-24T20:06:09.000000,2026-04-24T20:06:09.000000
620,48,1,1,48-6,2026-04-24,2026-04-24T19:56:28.000000,2026-04-24T19:56:28.000000
621,49,2,1,49-2,2026-04-24,2026-04-24T12:37:19.000000,2026-04-24T12:37:19.000000
622,50,3,1,50-3,2026-04-24,2026-04-24T17:53:33.000000,2026-04-24T17:53:33.000000
623,52,3,1,52-2,2026-04-24,2026-04-24T06:48:00.000000,2026-04-24T06:48:00.000000
624,5,4,1,5-4,2026-04-25,2026-04-25T07:05:30.000000,2026-04-25T07:05:30.000000
625,10,2,1,10-12,2026-04-25,2026-04-25T08:29:41.000000,2026-04-25T08:29:41.000000
626,20,3,1,20-5,2026-04-25,2026-04-25T17:53:26.000000,2026-04-25T17:53:26.000000
627,22,2,1,22-5,2026-04-25,2026-04-25T12:50:09.000000,2026-04-25T12:50:09.000000
628,24,2,1,24-14,2026-04-25,2026-04-25T13:59:26.000000,2026-04-25T13:59:26.000000
629,25,2,1,25-5,2026-04-25,2026-04-25T08:17:58.000000,2026-04-25T08:17:58.000000
630,37,2,1,37-7,2026-04-25,2026-04-25T17:57:09.000000,2026-04-25T17:57:09.000000
631,46,3,1,46-2,2026-04-25,2026-04-25T07:11:56.000000,2026-04-25T07:11:56.000000
632,51,4,1,51-4,2026-04-25,2026-04-25T18:16:24.000000,2026-04-25T18:16:24.000000
633,56,1,1,56-1,2026-04-26,2026-04-26T13:54:15.000000,2026-04-26T13:54:15.000000
634,8,4,1,8-5,2026-04-27,2026-04-27T07:19:33.000000,2026-04-27T07:19:33.000000
635,10,2,1,10-12,2026-04-27,2026-04-27T09:16:38.000000,2026-04-27T09:16:38.000000
636,12,4,1,12-4,2026-04-27,2026-04-27T19:26:55.000000,2026-04-27T19:26:55.000000
637,16,2,1,16-9,2026-04-27,2026-04-27T11:41:05.000000,2026-04-27T11:41:05.000000
638,26,4,1,26-3,2026-04-27,2026-04-27T06:26:29.000000,2026-04-27T06:26:29.000000
639,30,3,1,30-4,2026-04-27,2026-04-27T06:14:05.000000,2026-04-27T06:14:05.000000
640,8,4,1,8-5,2026-04-28,2026-04-28T06:42:20.000000,2026-04-28T06:42:20.000000
641,19,1,1,19-9,2026-04-28,2026-04-28T10:18:05.000000,2026-04-28T10:18:05.000000
642,26,4,1,26-3,2026-04-28,2026-04-28T06:55:05.000000,2026-04-28T06:55:05.000000
643,28,1,1,28-11,2026-04-28,2026-04-28T15:59:33.000000,2026-04-28T15:59:33.000000
644,33,2,1,33-3,2026-04-28,2026-04-28T07:11:40.000000,2026-04-28T07:11:40.000000
645,44,4,1,44-2,2026-04-28,2026-04-28T19:32:14.000000,2026-04-28T19:32:14.000000
646,45,3,1,45-2,2026-04-28,2026-04-28T18:30:41.000000,2026-04-28T18:30:41.000000
647,57,1,1,57-1,2026-04-28,2026-04-28T13:10:24.000000,2026-04-28T13:10:24.000000
648,3,3,1,3-5,2026-04-29,2026-04-29T06:51:00.000000,2026-04-29T06:51:00.000000
649,7,1,1,7-17,2026-04-29,2026-04-29T09:07:15.000000,2026-04-29T09:07:15.000000
650,11,4,1,11-3,2026-04-29,2026-04-29T19:21:56.000000,2026-04-29T19:21:56.000000
651,17,4,1,17-2,2026-04-29,2026-04-29T19:08:20.000000,2026-04-29T19:08:20.000000
652,18,4,1,18-2,2026-04-29,2026-04-29T17:24:24.000000,2026-04-29T17:24:24.000000
653,40,4,1,40-3,2026-04-29,2026-04-29T19:34:35.000000,2026-04-29T19:34:35.000000
654,47,2,1,47-4,2026-04-29,2026-04-29T18:48:48.000000,2026-04-29T18:48:48.000000
655,53,4,1,53-2,2026-04-29,2026-04-29T18:45:45.000000,2026-04-29T18:45:45.000000
656,15,2,1,15-4,2026-04-30,2026-04-30T11:33:35.000000,2026-04-30T11:33:35.000000
657,28,1,1,28-12,2026-04-30,2026-04-30T20:10:12.000000,2026-04-30T20:10:12.000000
658,31,3,1,31-4,2026-04-30,2026-04-30T18:00:52.000000,2026-04-30T18:00:52.000000
659,32,4,1,32-2,2026-04-30,2026-04-30T20:25:56.000000,2026-04-30T20:25:56.000000
660,34,2,1,34-4,2026-04-30,2026-04-30T14:19:18.000000,2026-04-30T14:19:18.000000
661,44,4,1,44-2,2026-04-30,2026-04-30T18:57:31.000000,2026-04-30T18:57:31.000000
662,46,3,1,46-2,2026-04-30,2026-04-30T06:32:07.000000,2026-04-30T06:32:07.000000
663,56,1,1,56-2,2026-04-30,2026-04-30T12:16:28.000000,2026-04-30T12:16:28.000000
664,4,1,1,4-21,2026-05-01,2026-05-01T11:01:11.000000,2026-05-01T11:01:11.000000
665,12,4,1,12-4,2026-05-01,2026-05-01T18:33:14.000000,2026-05-01T18:33:14.000000
666,14,1,1,14-9,2026-05-01,2026-05-01T09:13:51.000000,2026-05-01T09:13:51.000000
667,22,2,1,22-5,2026-05-01,2026-05-01T14:33:05.000000,2026-05-01T14:33:05.000000
668,30,3,1,30-4,2026-05-01,2026-05-01T07:02:08.000000,2026-05-01T07:02:08.000000
669,36,2,1,36-3,2026-05-01,2026-05-01T18:43:11.000000,2026-05-01T18:43:11.000000
670,43,2,1,43-6,2026-05-01,2026-05-01T09:55:54.000000,2026-05-01T09:55:54.000000
671,54,3,1,54-2,2026-05-01,2026-05-01T06:04:27.000000,2026-05-01T06:04:27.000000
672,7,2,1,7-18,2026-05-02,2026-05-02T08:13:05.000000,2026-05-02T08:13:05.000000
673,16,2,1,16-9,2026-05-02,2026-05-02T11:09:50.000000,2026-05-02T11:09:50.000000
674,20,3,1,20-5,2026-05-02,2026-05-02T20:17:56.000000,2026-05-02T20:17:56.000000
675,23,3,1,23-5,2026-05-02,2026-05-02T20:03:30.000000,2026-05-02T20:03:30.000000
676,24,2,1,24-14,2026-05-02,2026-05-02T16:48:01.000000,2026-05-02T16:48:01.000000
677,25,2,1,25-6,2026-05-02,2026-05-02T08:08:51.000000,2026-05-02T08:08:51.000000
678,27,4,1,27-6,2026-05-02,2026-05-02T19:43:06.000000,2026-05-02T19:43:06.000000
679,44,4,1,44-2,2026-05-02,2026-05-02T18:18:19.000000,2026-05-02T18:18:19.000000
680,45,1,1,45-3,2026-05-02,2026-05-02T20:25:11.000000,2026-05-02T20:25:11.000000
681,47,2,1,47-4,2026-05-02,2026-05-02T18:57:11.000000,2026-05-02T18:57:11.000000
682,52,3,1,52-2,2026-05-02,2026-05-02T06:52:38.000000,2026-05-02T06:52:38.000000
683,8,4,1,8-5,2026-05-04,2026-05-04T07:49:47.000000,2026-05-04T07:49:47.000000
684,11,4,1,11-3,2026-05-04,2026-05-04T18:05:00.000000,2026-05-04T18:05:00.000000
685,18,4,1,18-2,2026-05-04,2026-05-04T19:46:32.000000,2026-05-04T19:46:32.000000
686,27,4,1,27-6,2026-05-04,2026-05-04T20:08:05.000000,2026-05-04T20:08:05.000000
687,49,2,1,49-2,2026-05-04,2026-05-04T11:22:06.000000,2026-05-04T11:22:06.000000
688,52,3,1,52-2,2026-05-04,2026-05-04T06:58:42.000000,2026-05-04T06:58:42.000000
689,54,3,1,54-2,2026-05-04,2026-05-04T06:40:12.000000,2026-05-04T06:40:12.000000
690,1,2,1,1-6,2026-05-05,2026-05-05T20:55:02.000000,2026-05-05T20:55:02.000000
691,3,3,1,3-5,2026-05-05,2026-05-05T07:03:13.000000,2026-05-05T07:03:13.000000
692,6,3,1,6-6,2026-05-05,2026-05-05T19:29:25.000000,2026-05-05T19:29:25.000000
693,17,4,1,17-2,2026-05-05,2026-05-05T19:19:45.000000,2026-05-05T19:19:45.000000
694,21,4,1,21-5,2026-05-05,2026-05-05T20:21:24.000000,2026-05-05T20:21:24.000000
695,25,2,1,25-6,2026-05-05,2026-05-05T11:35:10.000000,2026-05-05T11:35:10.000000
696,29,3,1,29-4,2026-05-05,2026-05-05T06:01:44.000000,2026-05-05T06:01:44.000000
697,38,1,1,38-5,2026-05-05,2026-05-05T18:47:51.000000,2026-05-05T18:47:51.000000
698,47,2,1,47-4,2026-05-05,2026-05-05T20:59:33.000000,2026-05-05T20:59:33.000000
699,50,3,1,50-3,2026-05-05,2026-05-05T20:47:44.000000,2026-05-05T20:47:44.000000
700,5,4,1,5-4,2026-05-06,2026-05-06T06:01:53.000000,2026-05-06T06:01:53.000000
701,24,2,1,24-14,2026-05-06,2026-05-06T17:36:10.000000,2026-05-06T17:36:10.000000
702,33,2,1,33-3,2026-05-06,2026-05-06T07:02:37.000000,2026-05-06T07:02:37.000000
703,40,4,1,40-3,2026-05-06,2026-05-06T18:21:00.000000,2026-05-06T18:21:00.000000
704,2,1,1,2-10,2026-05-07,2026-05-07T19:11:21.000000,2026-05-07T19:11:21.000000
705,6,3,1,6-6,2026-05-07,2026-05-07T17:09:36.000000,2026-05-07T17:09:36.000000
706,23,3,1,23-5,2026-05-07,2026-05-07T18:43:56.000000,2026-05-07T18:43:56.000000
707,30,3,1,30-4,2026-05-07,2026-05-07T06:21:50.000000,2026-05-07T06:21:50.000000
708,36,2,1,36-4,2026-05-07,2026-05-07T20:42:15.000000,2026-05-07T20:42:15.000000
709,37,2,1,37-7,2026-05-07,2026-05-07T18:30:12.000000,2026-05-07T18:30:12.000000
710,38,1,1,38-6,2026-05-07,2026-05-07T16:42:20.000000,2026-05-07T16:42:20.000000
711,39,2,1,39-4,2026-05-07,2026-05-07T14:12:31.000000,2026-05-07T14:12:31.000000
712,40,4,1,40-3,2026-05-07,2026-05-07T19:54:18.000000,2026-05-07T19:54:18.000000
713,54,3,1,54-2,2026-05-07,2026-05-07T07:10:31.000000,2026-05-07T07:10:31.000000
714,56,1,1,56-3,2026-05-07,2026-05-07T08:44:20.000000,2026-05-07T08:44:20.000000
715,6,3,1,6-6,2026-05-08,2026-05-08T19:56:42.000000,2026-05-08T19:56:42.000000
716,15,2,1,15-4,2026-05-08,2026-05-08T13:10:11.000000,2026-05-08T13:10:11.000000
717,29,3,1,29-4,2026-05-08,2026-05-08T06:28:49.000000,2026-05-08T06:28:49.000000
718,34,2,1,34-4,2026-05-08,2026-05-08T11:04:56.000000,2026-05-08T11:04:56.000000
719,36,2,1,36-4,2026-05-08,2026-05-08T19:38:38.000000,2026-05-08T19:38:38.000000
720,42,3,1,42-3,2026-05-08,2026-05-08T20:32:36.000000,2026-05-08T20:32:36.000000
721,50,3,1,50-3,2026-05-08,2026-05-08T19:55:47.000000,2026-05-08T19:55:47.000000
722,51,4,1,51-4,2026-05-08,2026-05-08T20:13:23.000000,2026-05-08T20:13:23.000000
723,55,2,1,55-2,2026-05-08,2026-05-08T20:01:35.000000,2026-05-08T20:01:35.000000
724,57,2,1,57-2,2026-05-08,2026-05-08T13:58:45.000000,2026-05-08T13:58:45.000000
725,4,1,1,4-22,2026-05-09,2026-05-09T09:17:35.000000,2026-05-09T09:17:35.000000
726,14,1,1,14-10,2026-05-09,2026-05-09T17:53:23.000000,2026-05-09T17:53:23.000000
727,33,2,1,33-3,2026-05-09,2026-05-09T06:58:09.000000,2026-05-09T06:58:09.000000
728,37,2,1,37-7,2026-05-09,2026-05-09T10:59:20.000000,2026-05-09T10:59:20.000000
729,38,1,1,38-7,2026-05-09,2026-05-09T13:21:15.000000,2026-05-09T13:21:15.000000
730,42,3,1,42-3,2026-05-09,2026-05-09T19:30:25.000000,2026-05-09T19:30:25.000000
731,51,4,1,51-4,2026-05-09,2026-05-09T20:27:26.000000,2026-05-09T20:27:26.000000
732,2,4,1,2-11,2026-05-11,2026-05-11T20:29:41.000000,2026-05-11T20:29:41.000000
733,8,4,1,8-5,2026-05-11,2026-05-11T07:19:37.000000,2026-05-11T07:19:37.000000
734,14,1,1,14-11,2026-05-11,2026-05-11T12:41:36.000000,2026-05-11T12:41:36.000000
735,27,4,1,27-6,2026-05-11,2026-05-11T19:43:26.000000,2026-05-11T19:43:26.000000
736,28,1,1,28-13,2026-05-11,2026-05-11T15:09:31.000000,2026-05-11T15:09:31.000000
737,31,3,1,31-5,2026-05-11,2026-05-11T18:09:21.000000,2026-05-11T18:09:21.000000
738,37,1,1,37-8,2026-05-11,2026-05-11T15:29:11.000000,2026-05-11T15:29:11.000000
739,49,2,1,49-2,2026-05-11,2026-05-11T12:18:28.000000,2026-05-11T12:18:28.000000
740,58,1,1,58-1,2026-05-11,2026-05-11T17:55:12.000000,2026-05-11T17:55:12.000000
741,7,2,1,7-18,2026-05-12,2026-05-12T14:07:31.000000,2026-05-12T14:07:31.000000
742,14,1,1,14-12,2026-05-12,2026-05-12T17:22:05.000000,2026-05-12T17:22:05.000000
743,15,2,1,15-5,2026-05-12,2026-05-12T14:49:01.000000,2026-05-12T14:49:01.000000
744,26,4,1,26-3,2026-05-12,2026-05-12T07:01:09.000000,2026-05-12T07:01:09.000000
745,28,1,1,28-14,2026-05-12,2026-05-12T08:38:38.000000,2026-05-12T08:38:38.000000
746,39,2,1,39-4,2026-05-12,2026-05-12T19:35:53.000000,2026-05-12T19:35:53.000000
747,52,3,1,52-2,2026-05-12,2026-05-12T06:10:29.000000,2026-05-12T06:10:29.000000
748,53,4,1,53-2,2026-05-12,2026-05-12T19:05:31.000000,2026-05-12T19:05:31.000000
749,59,1,1,59-1,2026-05-12,2026-05-12T11:29:20.000000,2026-05-12T11:29:20.000000
750,1,1,1,1-7,2026-05-13,2026-05-13T18:16:19.000000,2026-05-13T18:16:19.000000
751,8,4,1,8-5,2026-05-13,2026-05-13T07:35:17.000000,2026-05-13T07:35:17.000000
752,10,2,1,10-12,2026-05-13,2026-05-13T11:23:08.000000,2026-05-13T11:23:08.000000
753,21,4,1,21-5,2026-05-13,2026-05-13T19:01:29.000000,2026-05-13T19:01:29.000000
754,22,2,1,22-5,2026-05-13,2026-05-13T14:53:45.000000,2026-05-13T14:53:45.000000
755,23,3,1,23-5,2026-05-13,2026-05-13T17:53:42.000000,2026-05-13T17:53:42.000000
756,24,2,1,24-14,2026-05-13,2026-05-13T19:17:47.000000,2026-05-13T19:17:47.000000
757,45,3,1,45-4,2026-05-13,2026-05-13T17:35:38.000000,2026-05-13T17:35:38.000000
758,49,2,1,49-2,2026-05-13,2026-05-13T14:29:02.000000,2026-05-13T14:29:02.000000
759,52,3,1,52-2,2026-05-13,2026-05-13T06:50:07.000000,2026-05-13T06:50:07.000000
760,1,2,1,1-8,2026-05-14,2026-05-14T18:57:58.000000,2026-05-14T18:57:58.000000
761,15,2,1,15-5,2026-05-14,2026-05-14T12:14:48.000000,2026-05-14T12:14:48.000000
762,16,2,1,16-9,2026-05-14,2026-05-14T11:25:04.000000,2026-05-14T11:25:04.000000
763,30,3,1,30-4,2026-05-14,2026-05-14T07:00:31.000000,2026-05-14T07:00:31.000000
764,38,2,1,38-8,2026-05-14,2026-05-14T10:56:12.000000,2026-05-14T10:56:12.000000
765,44,4,1,44-2,2026-05-14,2026-05-14T20:17:52.000000,2026-05-14T20:17:52.000000
766,48,1,1,48-7,2026-05-14,2026-05-14T15:23:30.000000,2026-05-14T15:23:30.000000
767,56,1,1,56-4,2026-05-14,2026-05-14T11:16:31.000000,2026-05-14T11:16:31.000000
768,60,1,1,60-1,2026-05-14,2026-05-14T19:24:40.000000,2026-05-14T19:24:40.000000
769,1,2,1,1-8,2026-05-15,2026-05-15T20:46:09.000000,2026-05-15T20:46:09.000000
770,2,4,1,2-11,2026-05-15,2026-05-15T19:29:16.000000,2026-05-15T19:29:16.000000
771,4,1,1,4-23,2026-05-15,2026-05-15T15:46:10.000000,2026-05-15T15:46:10.000000
772,12,4,1,12-4,2026-05-15,2026-05-15T20:51:20.000000,2026-05-15T20:51:20.000000
773,15,2,1,15-5,2026-05-15,2026-05-15T13:25:04.000000,2026-05-15T13:25:04.000000
774,22,2,1,22-5,2026-05-15,2026-05-15T13:32:40.000000,2026-05-15T13:32:40.000000
775,36,2,1,36-4,2026-05-15,2026-05-15T19:30:45.000000,2026-05-15T19:30:45.000000
776,40,4,1,40-3,2026-05-15,2026-05-15T19:53:56.000000,2026-05-15T19:53:56.000000
777,48,1,1,48-8,2026-05-15,2026-05-15T16:34:48.000000,2026-05-15T16:34:48.000000
778,59,1,1,59-2,2026-05-15,2026-05-15T10:29:18.000000,2026-05-15T10:29:18.000000
779,3,3,1,3-5,2026-05-16,2026-05-16T06:10:30.000000,2026-05-16T06:10:30.000000
780,8,4,1,8-5,2026-05-16,2026-05-16T07:08:48.000000,2026-05-16T07:08:48.000000
781,9,3,1,9-6,2026-05-16,2026-05-16T06:51:05.000000,2026-05-16T06:51:05.000000
782,10,1,1,10-13,2026-05-16,2026-05-16T08:13:00.000000,2026-05-16T08:13:00.000000
783,11,4,1,11-3,2026-05-16,2026-05-16T18:27:06.000000,2026-05-16T18:27:06.000000
784,16,2,1,16-9,2026-05-16,2026-05-16T07:52:54.000000,2026-05-16T07:52:54.000000
785,17,4,1,17-2,2026-05-16,2026-05-16T19:06:30.000000,2026-05-16T19:06:30.000000
786,18,4,1,18-2,2026-05-16,2026-05-16T19:07:55.000000,2026-05-16T19:07:55.000000
787,25,2,1,25-6,2026-05-16,2026-05-16T11:21:55.000000,2026-05-16T11:21:55.000000
788,36,2,1,36-4,2026-05-16,2026-05-16T19:38:55.000000,2026-05-16T19:38:55.000000
789,41,1,1,41-3,2026-05-16,2026-05-16T10:11:04.000000,2026-05-16T10:11:04.000000
790,42,3,1,42-3,2026-05-16,2026-05-16T20:19:12.000000,2026-05-16T20:19:12.000000
791,43,2,1,43-6,2026-05-16,2026-05-16T13:40:49.000000,2026-05-16T13:40:49.000000
792,49,2,1,49-3,2026-05-16,2026-05-16T11:28:38.000000,2026-05-16T11:28:38.000000
793,61,1,1,61-1,2026-05-17,2026-05-17T07:21:46.000000,2026-05-17T07:21:46.000000
794,1,2,1,1-8,2026-05-18,2026-05-18T19:11:56.000000,2026-05-18T19:11:56.000000
795,9,3,1,9-6,2026-05-18,2026-05-18T07:18:23.000000,2026-05-18T07:18:23.000000
796,10,2,1,10-13,2026-05-18,2026-05-18T07:29:18.000000,2026-05-18T07:29:18.000000
797,15,2,1,15-5,2026-05-18,2026-05-18T13:33:23.000000,2026-05-18T13:33:23.000000
798,20,3,1,20-5,2026-05-18,2026-05-18T18:17:35.000000,2026-05-18T18:17:35.000000
799,31,3,1,31-5,2026-05-18,2026-05-18T19:15:48.000000,2026-05-18T19:15:48.000000
800,34,2,1,34-4,2026-05-18,2026-05-18T12:27:45.000000,2026-05-18T12:27:45.000000
801,35,1,1,35-4,2026-05-18,2026-05-18T13:28:51.000000,2026-05-18T13:28:51.000000
802,53,4,1,53-2,2026-05-18,2026-05-18T18:18:44.000000,2026-05-18T18:18:44.000000
803,54,3,1,54-2,2026-05-18,2026-05-18T06:49:57.000000,2026-05-18T06:49:57.000000
804,58,1,1,58-2,2026-05-18,2026-05-18T17:35:20.000000,2026-05-18T17:35:20.000000
805,62,1,1,62-1,2026-05-18,2026-05-18T12:45:00.000000,2026-05-18T12:45:00.000000
806,2,4,1,2-11,2026-05-19,2026-05-19T20:35:10.000000,2026-05-19T20:35:10.000000
807,10,2,1,10-13,2026-05-19,2026-05-19T09:12:18.000000,2026-05-19T09:12:18.000000
808,11,4,1,11-3,2026-05-19,2026-05-19T19:05:21.000000,2026-05-19T19:05:21.000000
809,12,4,1,12-4,2026-05-19,2026-05-19T19:26:19.000000,2026-05-19T19:26:19.000000
810,13,4,1,13-4,2026-05-19,2026-05-19T20:04:02.000000,2026-05-19T20:04:02.000000
811,23,1,1,23-6,2026-05-19,2026-05-19T20:22:55.000000,2026-05-19T20:22:55.000000
812,27,4,1,27-6,2026-05-19,2026-05-19T19:08:42.000000,2026-05-19T19:08:42.000000
813,31,3,1,31-5,2026-05-19,2026-05-19T19:02:19.000000,2026-05-19T19:02:19.000000
814,38,2,1,38-8,2026-05-19,2026-05-19T14:23:19.000000,2026-05-19T14:23:19.000000
815,42,3,1,42-3,2026-05-19,2026-05-19T17:28:06.000000,2026-05-19T17:28:06.000000
816,48,1,1,48-9,2026-05-19,2026-05-19T19:09:20.000000,2026-05-19T19:09:20.000000
817,63,1,1,63-1,2026-05-19,2026-05-19T11:28:52.000000,2026-05-19T11:28:52.000000
818,8,4,1,8-5,2026-05-20,2026-05-20T07:17:40.000000,2026-05-20T07:17:40.000000
819,19,2,1,19-10,2026-05-20,2026-05-20T09:39:45.000000,2026-05-20T09:39:45.000000
820,22,1,1,22-6,2026-05-20,2026-05-20T13:57:30.000000,2026-05-20T13:57:30.000000
821,24,1,1,24-15,2026-05-20,2026-05-20T20:29:56.000000,2026-05-20T20:29:56.000000
822,28,1,1,28-15,2026-05-20,2026-05-20T11:16:09.000000,2026-05-20T11:16:09.000000
823,33,2,1,33-3,2026-05-20,2026-05-20T08:00:11.000000,2026-05-20T08:00:11.000000
824,40,4,1,40-3,2026-05-20,2026-05-20T17:37:25.000000,2026-05-20T17:37:25.000000
825,54,3,1,54-2,2026-05-20,2026-05-20T06:33:27.000000,2026-05-20T06:33:27.000000
826,5,4,1,5-4,2026-05-21,2026-05-21T06:46:47.000000,2026-05-21T06:46:47.000000
827,11,4,1,11-3,2026-05-21,2026-05-21T18:11:19.000000,2026-05-21T18:11:19.000000
828,15,2,1,15-5,2026-05-21,2026-05-21T12:21:55.000000,2026-05-21T12:21:55.000000
829,26,4,1,26-3,2026-05-21,2026-05-21T07:39:11.000000,2026-05-21T07:39:11.000000
830,38,2,1,38-8,2026-05-21,2026-05-21T10:42:19.000000,2026-05-21T10:42:19.000000
831,39,1,1,39-5,2026-05-21,2026-05-21T13:42:30.000000,2026-05-21T13:42:30.000000
832,47,2,1,47-4,2026-05-21,2026-05-21T19:51:15.000000,2026-05-21T19:51:15.000000
833,50,3,1,50-3,2026-05-21,2026-05-21T20:28:14.000000,2026-05-21T20:28:14.000000
834,53,4,1,53-2,2026-05-21,2026-05-21T20:02:53.000000,2026-05-21T20:02:53.000000
835,56,2,1,56-5,2026-05-21,2026-05-21T15:12:55.000000,2026-05-21T15:12:55.000000
836,59,2,1,59-3,2026-05-21,2026-05-21T06:03:14.000000,2026-05-21T06:03:14.000000
837,62,1,1,62-2,2026-05-21,2026-05-21T14:57:06.000000,2026-05-21T14:57:06.000000
838,16,1,1,16-10,2026-05-22,2026-05-22T08:42:29.000000,2026-05-22T08:42:29.000000
839,18,4,1,18-2,2026-05-22,2026-05-22T20:28:17.000000,2026-05-22T20:28:17.000000
840,25,2,1,25-6,2026-05-22,2026-05-22T07:51:49.000000,2026-05-22T07:51:49.000000
841,36,2,1,36-4,2026-05-22,2026-05-22T20:37:05.000000,2026-05-22T20:37:05.000000
842,40,4,1,40-3,2026-05-22,2026-05-22T17:08:45.000000,2026-05-22T17:08:45.000000
843,43,2,1,43-6,2026-05-22,2026-05-22T17:30:12.000000,2026-05-22T17:30:12.000000
844,50,3,1,50-3,2026-05-22,2026-05-22T20:38:12.000000,2026-05-22T20:38:12.000000
845,52,2,1,52-3,2026-05-22,2026-05-22T06:37:39.000000,2026-05-22T06:37:39.000000
846,56,2,1,56-5,2026-05-22,2026-05-22T13:01:21.000000,2026-05-22T13:01:21.000000
847,58,4,1,58-3,2026-05-22,2026-05-22T18:02:00.000000,2026-05-22T18:02:00.000000
848,63,3,1,63-2,2026-05-22,2026-05-22T12:21:54.000000,2026-05-22T12:21:54.000000
849,16,1,1,16-11,2026-05-23,2026-05-23T07:16:46.000000,2026-05-23T07:16:46.000000
850,23,4,1,23-7,2026-05-23,2026-05-23T18:58:12.000000,2026-05-23T18:58:12.000000
851,43,2,1,43-6,2026-05-23,2026-05-23T14:39:41.000000,2026-05-23T14:39:41.000000
852,47,4,1,47-5,2026-05-23,2026-05-23T19:13:24.000000,2026-05-23T19:13:24.000000
853,49,2,1,49-3,2026-05-23,2026-05-23T15:03:09.000000,2026-05-23T15:03:09.000000
854,50,3,1,50-3,2026-05-23,2026-05-23T19:40:13.000000,2026-05-23T19:40:13.000000
855,58,4,1,58-3,2026-05-23,2026-05-23T18:56:08.000000,2026-05-23T18:56:08.000000
856,59,2,1,59-3,2026-05-23,2026-05-23T08:09:32.000000,2026-05-23T08:09:32.000000
857,62,1,1,62-3,2026-05-23,2026-05-23T13:36:30.000000,2026-05-23T13:36:30.000000
858,64,1,1,64-1,2026-05-23,2026-05-23T20:17:29.000000,2026-05-23T20:17:29.000000
859,9,3,1,9-7,2026-05-25,2026-05-25T06:58:12.000000,2026-05-25T06:58:12.000000
860,12,4,1,12-4,2026-05-25,2026-05-25T19:22:46.000000,2026-05-25T19:22:46.000000
861,16,2,1,16-12,2026-05-25,2026-05-25T12:35:58.000000,2026-05-25T12:35:58.000000
862,29,3,1,29-5,2026-05-25,2026-05-25T06:22:05.000000,2026-05-25T06:22:05.000000
863,35,2,1,35-5,2026-05-25,2026-05-25T12:58:52.000000,2026-05-25T12:58:52.000000
864,46,2,1,46-3,2026-05-25,2026-05-25T06:08:47.000000,2026-05-25T06:08:47.000000
865,7,2,1,7-18,2026-05-26,2026-05-26T08:50:18.000000,2026-05-26T08:50:18.000000
866,9,3,1,9-7,2026-05-26,2026-05-26T07:15:01.000000,2026-05-26T07:15:01.000000
867,11,4,1,11-3,2026-05-26,2026-05-26T20:26:40.000000,2026-05-26T20:26:40.000000
868,15,1,1,15-6,2026-05-26,2026-05-26T12:37:54.000000,2026-05-26T12:37:54.000000
869,21,4,1,21-5,2026-05-26,2026-05-26T19:35:14.000000,2026-05-26T19:35:14.000000
870,27,4,1,27-6,2026-05-26,2026-05-26T19:14:17.000000,2026-05-26T19:14:17.000000
871,29,3,1,29-5,2026-05-26,2026-05-26T06:24:15.000000,2026-05-26T06:24:15.000000
872,31,3,1,31-5,2026-05-26,2026-05-26T20:07:47.000000,2026-05-26T20:07:47.000000
873,43,2,1,43-6,2026-05-26,2026-05-26T11:49:36.000000,2026-05-26T11:49:36.000000
874,46,2,1,46-3,2026-05-26,2026-05-26T06:09:56.000000,2026-05-26T06:09:56.000000
875,50,2,1,50-4,2026-05-26,2026-05-26T20:42:18.000000,2026-05-26T20:42:18.000000
876,51,4,1,51-4,2026-05-26,2026-05-26T15:58:00.000000,2026-05-26T15:58:00.000000
877,55,2,1,55-2,2026-05-26,2026-05-26T16:05:01.000000,2026-05-26T16:05:01.000000
878,65,1,1,65-1,2026-05-26,2026-05-26T15:21:34.000000,2026-05-26T15:21:34.000000
879,20,3,1,20-6,2026-05-27,2026-05-27T18:18:58.000000,2026-05-27T18:18:58.000000
880,30,4,1,30-5,2026-05-27,2026-05-27T06:22:25.000000,2026-05-27T06:22:25.000000
881,34,3,1,34-5,2026-05-27,2026-05-27T13:17:54.000000,2026-05-27T13:17:54.000000
882,37,1,1,37-9,2026-05-27,2026-05-27T12:36:46.000000,2026-05-27T12:36:46.000000
883,44,4,1,44-2,2026-05-27,2026-05-27T18:11:46.000000,2026-05-27T18:11:46.000000
884,45,3,1,45-4,2026-05-27,2026-05-27T19:04:00.000000,2026-05-27T19:04:00.000000
885,48,1,1,48-10,2026-05-27,2026-05-27T10:32:40.000000,2026-05-27T10:32:40.000000
886,60,1,1,60-2,2026-05-27,2026-05-27T18:49:20.000000,2026-05-27T18:49:20.000000
887,62,1,1,62-4,2026-05-27,2026-05-27T12:46:42.000000,2026-05-27T12:46:42.000000
888,64,1,1,64-2,2026-05-27,2026-05-27T19:45:42.000000,2026-05-27T19:45:42.000000
889,66,1,1,66-1,2026-05-27,2026-05-27T11:18:51.000000,2026-05-27T11:18:51.000000
890,67,1,1,67-1,2026-05-27,2026-05-27T19:39:27.000000,2026-05-27T19:39:27.000000
891,2,4,1,2-11,2026-05-28,2026-05-28T16:51:31.000000,2026-05-28T16:51:31.000000
892,4,3,1,4-24,2026-05-28,2026-05-28T13:37:19.000000,2026-05-28T13:37:19.000000
893,5,4,1,5-4,2026-05-28,2026-05-28T07:09:13.000000,2026-05-28T07:09:13.000000
894,6,3,1,6-7,2026-05-28,2026-05-28T19:26:53.000000,2026-05-28T19:26:53.000000
895,10,2,1,10-14,2026-05-28,2026-05-28T07:14:27.000000,2026-05-28T07:14:27.000000
896,16,2,1,16-12,2026-05-28,2026-05-28T06:53:54.000000,2026-05-28T06:53:54.000000
897,17,4,1,17-2,2026-05-28,2026-05-28T18:47:07.000000,2026-05-28T18:47:07.000000
898,21,4,1,21-5,2026-05-28,2026-05-28T19:20:31.000000,2026-05-28T19:20:31.000000
899,28,1,1,28-16,2026-05-28,2026-05-28T17:50:30.000000,2026-05-28T17:50:30.000000
900,30,4,1,30-5,2026-05-28,2026-05-28T06:16:40.000000,2026-05-28T06:16:40.000000
901,39,1,1,39-6,2026-05-28,2026-05-28T17:45:39.000000,2026-05-28T17:45:39.000000
902,44,4,1,44-2,2026-05-28,2026-05-28T17:28:06.000000,2026-05-28T17:28:06.000000
903,45,3,1,45-4,2026-05-28,2026-05-28T19:07:22.000000,2026-05-28T19:07:22.000000
904,47,4,1,47-5,2026-05-28,2026-05-28T20:30:09.000000,2026-05-28T20:30:09.000000
905,48,1,1,48-11,2026-05-28,2026-05-28T15:39:47.000000,2026-05-28T15:39:47.000000
906,52,2,1,52-3,2026-05-28,2026-05-28T06:15:39.000000,2026-05-28T06:15:39.000000
907,53,4,1,53-2,2026-05-28,2026-05-28T20:11:39.000000,2026-05-28T20:11:39.000000
908,56,2,1,56-5,2026-05-28,2026-05-28T16:30:30.000000,2026-05-28T16:30:30.000000
909,57,2,1,57-2,2026-05-28,2026-05-28T13:46:34.000000,2026-05-28T13:46:34.000000
910,65,1,1,65-2,2026-05-28,2026-05-28T14:43:15.000000,2026-05-28T14:43:15.000000
911,2,4,1,2-11,2026-05-29,2026-05-29T18:47:44.000000,2026-05-29T18:47:44.000000
912,6,3,1,6-7,2026-05-29,2026-05-29T19:04:29.000000,2026-05-29T19:04:29.000000
913,13,4,1,13-4,2026-05-29,2026-05-29T19:23:12.000000,2026-05-29T19:23:12.000000
914,16,2,1,16-12,2026-05-29,2026-05-29T11:20:04.000000,2026-05-29T11:20:04.000000
915,21,4,1,21-5,2026-05-29,2026-05-29T19:22:44.000000,2026-05-29T19:22:44.000000
916,41,1,1,41-4,2026-05-29,2026-05-29T07:23:22.000000,2026-05-29T07:23:22.000000
917,46,2,1,46-3,2026-05-29,2026-05-29T06:45:32.000000,2026-05-29T06:45:32.000000
918,51,4,1,51-4,2026-05-29,2026-05-29T17:35:21.000000,2026-05-29T17:35:21.000000
919,60,2,1,60-3,2026-05-29,2026-05-29T19:54:06.000000,2026-05-29T19:54:06.000000
920,61,2,1,61-2,2026-05-29,2026-05-29T06:36:03.000000,2026-05-29T06:36:03.000000
921,64,3,1,64-3,2026-05-29,2026-05-29T17:51:43.000000,2026-05-29T17:51:43.000000
922,67,4,1,67-2,2026-05-29,2026-05-29T19:25:05.000000,2026-05-29T19:25:05.000000
923,68,1,1,68-1,2026-05-29,2026-05-29T18:50:09.000000,2026-05-29T18:50:09.000000
924,1,2,1,1-8,2026-05-30,2026-05-30T19:51:17.000000,2026-05-30T19:51:17.000000
925,3,2,1,3-6,2026-05-30,2026-05-30T06:40:38.000000,2026-05-30T06:40:38.000000
926,7,2,1,7-18,2026-05-30,2026-05-30T20:08:34.000000,2026-05-30T20:08:34.000000
927,13,4,1,13-4,2026-05-30,2026-05-30T17:52:41.000000,2026-05-30T17:52:41.000000
928,14,1,1,14-13,2026-05-30,2026-05-30T10:25:46.000000,2026-05-30T10:25:46.000000
929,25,2,1,25-6,2026-05-30,2026-05-30T07:57:15.000000,2026-05-30T07:57:15.000000
930,34,3,1,34-5,2026-05-30,2026-05-30T10:35:37.000000,2026-05-30T10:35:37.000000
931,36,2,1,36-5,2026-05-30,2026-05-30T20:24:41.000000,2026-05-30T20:24:41.000000
932,41,2,1,41-5,2026-05-30,2026-05-30T10:48:37.000000,2026-05-30T10:48:37.000000
933,48,1,1,48-12,2026-05-30,2026-05-30T17:58:17.000000,2026-05-30T17:58:17.000000
934,49,2,1,49-3,2026-05-30,2026-05-30T14:33:13.000000,2026-05-30T14:33:13.000000
935,53,4,1,53-2,2026-05-30,2026-05-30T20:49:14.000000,2026-05-30T20:49:14.000000
936,54,4,1,54-3,2026-05-30,2026-05-30T06:35:52.000000,2026-05-30T06:35:52.000000
937,55,2,1,55-2,2026-05-30,2026-05-30T20:34:18.000000,2026-05-30T20:34:18.000000
